bank,Dates,web_traffic,cross_visitation,search_interest,rank,incentive,apr,mentions,News_Based_Policy_Uncert_Index,number_of_employee,assets_under_management,number_of_branches,age,has_stores,founded_before_2000
abanca,2021/12/1,15202.98383,0.077994429,7.75,4,150,0,1,159.5752869,5946,72148000000,690,13,1,0
abanca,2022/1/1,42183.91321,0.0625,7.8,4,150,0,1,124.2296753,5946,72148000000,690,13,1,0
abanca,2022/2/1,34498.15311,0.052287582,7.25,4,150,0,2,133.508606,5946,72148000000,690,13,1,0
abanca,2022/3/1,34546.31902,0.061503418,6.75,4,150,0,2,169.8245239,5946,72148000000,690,13,1,0
abanca,2022/4/1,40508.28842,0.050221566,6.75,4,300,0,2,164.849472,5946,72148000000,690,13,1,0
abanca,2022/5/1,29791.33818,0.058295965,7.4,3.5,300,0,2,151.8746948,5946,72148000000,690,13,1,0
abanca,2022/6/1,35087.42369,0.05483871,8.5,4,300,0,0,166.84375,5946,72148000000,690,13,1,0
abanca,2022/7/1,61969.4993,0.060509555,8.2,4.5,300,0,1,175.8095093,5946,72148000000,690,13,1,0
abanca,2022/8/1,53939.00396,0.070652172,7,4.5,300,0,0,141.7874146,5946,72148000000,690,13,1,0
abanca,2022/9/1,50991.05641,0.060215052,8,5,300,0,3,151.2639465,5946,72148000000,690,13,1,0
abanca,2022/10/1,50567.1271,0.081577174,7.6,5,300,0,0,177.7106628,5946,72148000000,690,13,1,0
abanca,2022/11/1,54180.81091,0.060402684,7.25,4,300,0,0,171.2546844,5946,72148000000,690,13,1,0
abanca,2022/12/1,68183.61258,0.072664358,7.25,5,300,0,1,147.8868103,5946,72148000000,690,13,1,0
abanca,2023/1/1,72370.73483,0.065335751,7.4,3.5,300,0,0,155.2749634,5946,72148000000,690,13,1,0
abanca,2023/2/1,49474.72581,0.061870504,7,3.5,300,0,0,138.8798676,5946,72148000000,690,13,1,0
abanca,2023/3/1,57832.81252,0.052150045,7,5.333333333,300,0,1,149.4098511,5946,72148000000,690,13,1,0
abanca,2023/4/1,52944.02635,0.046511628,7.4,5.333333333,300,0,3,137.8336182,5946,72148000000,690,13,1,0
abanca,2023/5/1,57922.47265,0.053117782,6.5,5.333333333,300,0,1,140.4842072,5946,72148000000,690,13,1,0
abanca,2023/6/1,64628.53232,0.051813472,7.25,5.333333333,300,0,1,133.3937836,5946,72148000000,690,13,1,0
abanca,2023/7/1,77975.99732,0.071022727,7.4,5.333333333,300,2,1,151.3408051,5946,72148000000,690,13,1,0
abanca,2023/8/1,90688.23605,0.068376072,6.5,5.5,300,2,1,108.4366837,5946,72148000000,690,13,1,0
abanca,2023/9/1,69082.38842,0.063739374,6.75,5.5,300,2,0,120.3502426,5946,72148000000,690,13,1,0
abanca,2023/10/1,75669.22932,0.07272727,7,5.5,300,2,1,147.1368103,5946,72148000000,690,13,1,0
abanca,2023/11/1,60025.43195,0.067226894,6.75,4.235294118,300,2,1,145.5266113,5946,72148000000,690,13,1,0
abanca,2023/12/1,57677.13303,0.089403972,7,4.177419355,300,2,0,140.7147522,5946,72148000000,690,13,1,0
n26,2021/12/1,8723.148705,0.067204304,1,7,300,2,2,159.5752869,1500,8000000000,0,11,0,0
n26,2022/1/1,8046.05293,0.078723401,1,7,300,2,2,124.2296753,1500,8000000000,0,11,0,0
n26,2022/2/1,8164.758735,0.055476528,1,7,300,2,2,133.508606,1500,8000000000,0,11,0,0
n26,2022/3/1,7841.0999,0.056547619,1,7,300,2,1,169.8245239,1500,8000000000,0,11,0,0
n26,2022/4/1,7845.754761,0.052254099,1,7,300,2,1,164.849472,1500,8000000000,0,11,0,0
n26,2022/5/1,8710.658014,0.054621849,1,7,300,2,2,151.8746948,1500,8000000000,0,11,0,0
n26,2022/6/1,9082.355918,0.050343249,1,5.5,300,2,1,166.84375,1500,8000000000,0,11,0,0
n26,2022/7/1,8967.654057,0.045133993,1,5.5,300,2,0,175.8095093,1500,8000000000,0,11,0,0
n26,2022/8/1,8271.110873,0.054435484,1,8,300,2,0,141.7874146,1500,8000000000,0,11,0,0
n26,2022/9/1,7507.392109,0.049916804,1,8.5,300,2,5,151.2639465,1500,8000000000,0,11,0,0
n26,2022/10/1,7832.405722,0.0425,1,8.5,300,2,1,177.7106628,1500,8000000000,0,11,0,0
n26,2022/11/1,8572.818387,0.057971016,1,7.5,300,2,0,171.2546844,1500,8000000000,0,11,0,0
n26,2022/12/1,7645.014746,0.060126584,1,7.5,300,2,3,147.8868103,1500,8000000000,0,11,0,0
n26,2023/1/1,6712.435415,0.059866961,1,8.5,300,2,3,155.2749634,1500,8000000000,0,11,0,0
n26,2023/2/1,7039.850789,0.042735044,1,8.5,300,2,2,138.8798676,1500,8000000000,0,11,0,0
n26,2023/3/1,6817.596651,0.04180602,1,8,300,2,1,149.4098511,1500,8000000000,0,11,0,0
n26,2023/4/1,7107.173163,0.042168673,1,8,300,2,2,137.8336182,1500,8000000000,0,11,0,0
n26,2023/5/1,5993.323194,0.049157303,1.25,8,300,2,4,140.4842072,1500,8000000000,0,11,0,0
n26,2023/6/1,7893.129247,0.058626465,1.25,8,300,2,2,133.3937836,1500,8000000000,0,11,0,0
n26,2023/7/1,12885.46806,0.08361204,1.8,8,300,2,1,151.3408051,1500,8000000000,0,11,0,0
n26,2023/8/1,10296.80292,0.069324091,1.75,7.333333333,300,2,1,108.4366837,1500,8000000000,0,11,0,0
n26,2023/9/1,7169.720774,0.053364269,1.75,7.333333333,300,2,0,120.3502426,1500,8000000000,0,11,0,0
n26,2023/10/1,7557.701475,0.058947369,1.4,7.333333333,300,2,5,147.1368103,1500,8000000000,0,11,0,0
n26,2023/11/1,7283.357649,0.076023392,1.25,7.5,300,2,2,145.5266113,1500,8000000000,0,11,0,0
n26,2023/12/1,9134.004505,0.092261903,1.4,7.5,300,2,1,140.7147522,1500,8000000000,0,11,0,0
banc sabadell,2021/12/1,20016.55381,0.070229009,33.75,2,0,0,0,159.5752869,19316,2.53E+11,1594,143,1,1
banc sabadell,2022/1/1,20016.55381,0.084604718,33.6,2,0,0,0,124.2296753,19316,2.53E+11,1594,143,1,1
banc sabadell,2022/2/1,20016.55381,0.059620596,30.25,2,0,0,0,133.508606,19316,2.53E+11,1594,143,1,1
banc sabadell,2022/3/1,20016.55381,0.067650676,29.5,2,0,0,0,169.8245239,19316,2.53E+11,1594,143,1,1
banc sabadell,2022/4/1,20016.55381,0.064007424,28.5,2,0,0,0,164.849472,19316,2.53E+11,1594,143,1,1
banc sabadell,2022/5/1,12267.12945,0.065608464,31.2,3,0,0,0,151.8746948,19316,2.53E+11,1594,143,1,1
banc sabadell,2022/6/1,27765.97817,0.065616801,33,2,0,0,0,166.84375,19316,2.53E+11,1594,143,1,1
banc sabadell,2022/7/1,33651.42665,0.076780759,34,2,0,0,0,175.8095093,19316,2.53E+11,1594,143,1,1
banc sabadell,2022/8/1,36382.54242,0.079102717,27,4,50,1,0,141.7874146,19316,2.53E+11,1594,143,1,1
banc sabadell,2022/9/1,40102.37194,0.075317606,32,4,0,1,0,151.2639465,19316,2.53E+11,1594,143,1,1
banc sabadell,2022/10/1,18165.13326,0.071071073,29.4,4,0,1,0,177.7106628,19316,2.53E+11,1594,143,1,1
banc sabadell,2022/11/1,32183.32743,0.075088337,29.25,4.666666667,175,2,0,171.2546844,19316,2.53E+11,1594,143,1,1
banc sabadell,2022/12/1,44020.33598,0.102260493,27.5,2.666666667,0,1,0,147.8868103,19316,2.53E+11,1594,143,1,1
banc sabadell,2023/1/1,62312.79308,0.092445329,31.4,2,175,2,0,155.2749634,19316,2.53E+11,1594,143,1,1
banc sabadell,2023/2/1,45136.35749,0.082107842,30,5.333333333,175,2,0,138.8798676,19316,2.53E+11,1594,143,1,1
banc sabadell,2023/3/1,45176.84392,0.07935223,31.25,3.666666667,175,2,0,149.4098511,19316,2.53E+11,1594,143,1,1
banc sabadell,2023/4/1,31605.25035,0.08135283,29,3.666666667,250,2,0,137.8336182,19316,2.53E+11,1594,143,1,1
banc sabadell,2023/5/1,40352.96901,0.077485383,27.5,3.666666667,200,2.5,0,140.4842072,19316,2.53E+11,1594,143,1,1
banc sabadell,2023/6/1,35514.7349,0.081952117,29.25,3.666666667,200,2.5,0,133.3937836,19316,2.53E+11,1594,143,1,1
banc sabadell,2023/7/1,21331.91578,0.091762252,30.4,3.333333333,200,2.5,0,151.3408051,19316,2.53E+11,1594,143,1,1
banc sabadell,2023/8/1,18200.44026,0.092857145,22,3.333333333,200,2.5,0,108.4366837,19316,2.53E+11,1594,143,1,1
banc sabadell,2023/9/1,11592.1954,0.086187847,25,3.333333333,200,2.5,0,120.3502426,19316,2.53E+11,1594,143,1,1
banc sabadell,2023/10/1,15965.00761,0.099300697,25.6,3.333333333,200,2.5,0,147.1368103,19316,2.53E+11,1594,143,1,1
banc sabadell,2023/11/1,29518.77202,0.091743119,26.75,1.911764706,200,2.5,0,145.5266113,19316,2.53E+11,1594,143,1,1
banc sabadell,2023/12/1,33315.90213,0.141388178,25.8,2.129032258,200,2.5,0,140.7147522,19316,2.53E+11,1594,143,1,1
ing,2021/12/1,40358.43258,0.120855615,25.5,5,200,2.5,7,159.5752869,60778,9.76E+11,1660,33,1,1
ing,2022/1/1,32371.23346,0.121270455,23.625,5,200,2.5,4,124.2296753,60778,9.76E+11,1660,33,1,1
ing,2022/2/1,40358.43258,0.098604754,25.5,5,200,2.5,7,133.508606,60778,9.76E+11,1660,33,1,1
ing,2022/3/1,40358.43258,0.120556414,23.625,5,200,2.5,4,169.8245239,60778,9.76E+11,1660,33,1,1
ing,2022/4/1,40358.43258,0.114540465,23.625,5,200,2.5,4,164.849472,60778,9.76E+11,1660,33,1,1
ing,2022/5/1,33487.40605,0.127365351,64.65,4.333333333,200,2.5,6,151.8746948,60778,9.76E+11,1660,33,1,1
ing,2022/6/1,33983.0869,0.113435239,23.625,2,200,2.5,4,166.84375,60778,9.76E+11,1660,33,1,1
ing,2022/7/1,22189.24783,0.168411791,23.625,1,200,2.5,4,175.8095093,60778,9.76E+11,1660,33,1,1
ing,2022/8/1,29944.6441,0.132473961,23.625,1,200,2.5,4,141.7874146,60778,9.76E+11,1660,33,1,1
ing,2022/9/1,50772.22105,0.125662372,25.5,1,200,2.5,7,151.2639465,60778,9.76E+11,1660,33,1,1
ing,2022/10/1,37030.16801,0.144780114,2.625,1,200,2.5,5,177.7106628,60778,9.76E+11,1660,33,1,1
ing,2022/11/1,26060.15379,0.158183649,7,2,200,2.5,2,171.2546844,60778,9.76E+11,1660,33,1,1
ing,2022/12/1,27993.22119,0.116713353,2.625,6,200,2.5,5,147.8868103,60778,9.76E+11,1660,33,1,1
ing,2023/1/1,27614.88581,0.120232172,26.375,4.5,200,2.5,8,155.2749634,60778,9.76E+11,1660,33,1,1
ing,2023/2/1,26023.70774,0.122377619,23.625,4,200,2.5,4,138.8798676,60778,9.76E+11,1660,33,1,1
ing,2023/3/1,20935.68551,0.131261155,26.375,6.5,200,2.5,12,149.4098511,60778,9.76E+11,1660,33,1,1
ing,2023/4/1,17193.95274,0.094213977,7,6.5,200,2.5,2,137.8336182,60778,9.76E+11,1660,33,1,1
ing,2023/5/1,19644.87223,0.187462941,26.375,6.5,200,2.5,11,140.4842072,60778,9.76E+11,1660,33,1,1
ing,2023/6/1,17358.39917,0.107172996,26.375,6.5,200,2.5,8,133.3937836,60778,9.76E+11,1660,33,1,1
ing,2023/7/1,26414.42593,0.118433617,2.625,3.5,200,2.5,5,151.3408051,60778,9.76E+11,1660,33,1,1
ing,2023/8/1,18230.70283,0.132567853,64.65,4.5,200,2.5,6,108.4366837,60778,9.76E+11,1660,33,1,1
ing,2023/9/1,20531.78391,0.147580639,26.375,4.5,200,2.5,8,120.3502426,60778,9.76E+11,1660,33,1,1
ing,2023/10/1,17299.21395,0.126379132,26.375,4.5,200,2.5,9,147.1368103,60778,9.76E+11,1660,33,1,1
ing,2023/11/1,21210.0308,0.119078107,26.375,5.911764706,200,2.5,13,145.5266113,60778,9.76E+11,1660,33,1,1
ing,2023/12/1,13970.24588,0.149920255,2.625,6.209677419,200,2.5,5,140.7147522,60778,9.76E+11,1660,33,1,1
bbva,2021/12/1,45449.48679,0.196307093,46,3,0,0,4,159.5752869,121486,7.75E+11,1800,167,1,1
bbva,2022/1/1,38306.46498,0.170376718,47.6,3,0,0,0,124.2296753,121486,7.75E+11,1800,167,1,1
bbva,2022/2/1,40978.32582,0.192536041,48,3.5,0,0,7,133.508606,121486,7.75E+11,1800,167,1,1
bbva,2022/3/1,43970.54563,0.174929172,43.75,3.5,0,0,4,169.8245239,121486,7.75E+11,1800,167,1,1
bbva,2022/4/1,40782.45196,0.181480348,43.25,3.5,0,0,1,164.849472,121486,7.75E+11,1800,167,1,1
bbva,2022/5/1,44439.73882,0.160878807,45.6,2.5,0,0,4,151.8746948,121486,7.75E+11,1800,167,1,1
bbva,2022/6/1,29359.70964,0.16944243,49,7,0,0,1,166.84375,121486,7.75E+11,1800,167,1,1
bbva,2022/7/1,49115.26309,0.172440723,48.8,3.5,0,0,2,175.8095093,121486,7.75E+11,1800,167,1,1
bbva,2022/8/1,49005.11842,0.176584154,40.25,5,0,0,2,141.7874146,121486,7.75E+11,1800,167,1,1
bbva,2022/9/1,36922.65566,0.175169796,44.75,5,0,0,2,151.2639465,121486,7.75E+11,1800,167,1,1
bbva,2022/10/1,44828.37266,0.166922152,46,5,0,0,1,177.7106628,121486,7.75E+11,1800,167,1,1
bbva,2022/11/1,36501.59167,0.178150043,44.5,3,0,0,0,171.2546844,121486,7.75E+11,1800,167,1,1
bbva,2022/12/1,41612.02887,0.197050959,42,3,0,0,0,147.8868103,121486,7.75E+11,1800,167,1,1
bbva,2023/1/1,35220.99342,0.190273285,46.4,4.5,0,0,0,155.2749634,121486,7.75E+11,1800,167,1,1
bbva,2023/2/1,27661.9861,0.192659244,46.25,3.5,0,0,0,138.8798676,121486,7.75E+11,1800,167,1,1
bbva,2023/3/1,29553.21846,0.173902333,47,5.5,0,0,0,149.4098511,121486,7.75E+11,1800,167,1,1
bbva,2023/4/1,26776.53044,0.154090226,52.2,5.5,0,0,3,137.8336182,121486,7.75E+11,1800,167,1,1
bbva,2023/5/1,33327.49168,0.177688718,53,5.5,0,0,3,140.4842072,121486,7.75E+11,1800,167,1,1
bbva,2023/6/1,33102.53836,0.174218744,48,5.5,0,0,1,133.3937836,121486,7.75E+11,1800,167,1,1
bbva,2023/7/1,40004.97374,0.191508576,46.8,4,0,0,1,151.3408051,121486,7.75E+11,1800,167,1,1
bbva,2023/8/1,33688.12453,0.163841814,51.5,5,0,0,1,108.4366837,121486,7.75E+11,1800,167,1,1
bbva,2023/9/1,102540.4775,0.192307696,56.75,5,0,0,2,120.3502426,121486,7.75E+11,1800,167,1,1
bbva,2023/10/1,26425.57646,0.190160826,56,5,0,0,3,147.1368103,121486,7.75E+11,1800,167,1,1
bbva,2023/11/1,32849.23294,0.180898875,53.5,4.088235294,0,2,4,145.5266113,121486,7.75E+11,1800,167,1,1
bbva,2023/12/1,29659.94964,0.183588311,43.8,3.596774194,0,2,1,140.7147522,121486,7.75E+11,1800,167,1,1
revolut,2021/12/1,1343.418328,0.071005918,7.75,3.596774194,0,0,0,159.5752869,7500,14000000000,0,9,0,0
revolut,2022/1/1,1531.016801,0.05279503,7.75,3.596774194,0,0,0,124.2296753,7500,14000000000,0,9,0,0
revolut,2022/2/1,1304.591257,0.049019609,7.775,3.596774194,0,0,1,133.508606,7500,14000000000,0,9,0,0
revolut,2022/3/1,1105.180575,0.051075269,7.775,3.596774194,0,0,1,169.8245239,7500,14000000000,0,9,0,0
revolut,2022/4/1,1020.968713,0.045169387,7.75,3.596774194,0,0,0,164.849472,7500,14000000000,0,9,0,0
revolut,2022/5/1,1648.221365,0.047619049,7.75,6,0,0,0,151.8746948,7500,14000000000,0,9,0,0
revolut,2022/6/1,1261.183403,0.058601134,7.75,7,0,0,0,166.84375,7500,14000000000,0,9,0,0
revolut,2022/7/1,2692.579453,0.063339733,7.75,7,0,0,0,175.8095093,7500,14000000000,0,9,0,0
revolut,2022/8/1,4602.381164,0.077611938,7.75,9,0,0,0,141.7874146,7500,14000000000,0,9,0,0
revolut,2022/9/1,9032.796518,0.051587302,7.775,10,0,0,1,151.2639465,7500,14000000000,0,9,0,0
revolut,2022/10/1,6463.124093,0.047381546,7.75,10,0,0,0,177.7106628,7500,14000000000,0,9,0,0
revolut,2022/11/1,8429.248465,0.06142506,7.75,7,0,0,0,171.2546844,7500,14000000000,0,9,0,0
revolut,2022/12/1,5686.426537,0.060402684,7,7,0,0,2,147.8868103,7500,14000000000,0,9,0,0
revolut,2023/1/1,7935.564101,0.04607046,7.75,8,0,0,0,155.2749634,7500,14000000000,0,9,0,0
revolut,2023/2/1,7681.633005,0.072398193,7.75,8,0,0,0,138.8798676,7500,14000000000,0,9,0,0
revolut,2023/3/1,6635.917039,0.05255023,7.75,8,0,0,0,149.4098511,7500,14000000000,0,9,0,0
revolut,2023/4/1,4491.217019,0.052238807,7.775,8,0,0,1,137.8336182,7500,14000000000,0,9,0,0
revolut,2023/5/1,6999.44278,0.056300268,7.775,8,0,0,1,140.4842072,7500,14000000000,0,9,0,0
revolut,2023/6/1,5608.260579,0.058139537,7,8,0,0,2,133.3937836,7500,14000000000,0,9,0,0
revolut,2023/7/1,9965.096829,0.075718015,7.775,8,0,0,1,151.3408051,7500,14000000000,0,9,0,0
revolut,2023/8/1,16445.37661,0.078091107,7,7,0,0,2,108.4366837,7500,14000000000,0,9,0,0
revolut,2023/9/1,9423.148003,0.066473991,7.775,7,0,0,1,120.3502426,7500,14000000000,0,9,0,0
revolut,2023/10/1,9094.833809,0.085034013,7.775,7,0,0,1,147.1368103,7500,14000000000,0,9,0,0
revolut,2023/11/1,7857.143495,0.075630255,7.75,8,0,0,0,145.5266113,7500,14000000000,0,9,0,0
revolut,2023/12/1,8700.51552,0.09968847,7,7.580645161,0,0,2,140.7147522,7500,14000000000,0,9,0,0
openbank,2021/12/1,17602.86981,0.12827988,4.25,4,0,0,5,159.5752869,1100,1.117E+12,0,28,0,1
openbank,2022/1/1,17602.86981,0.127622381,5.2,4,0,0,2,124.2296753,1100,1.117E+12,0,28,0,1
openbank,2022/2/1,17602.86981,0.117398649,4.5,4,0,0,4,133.508606,1100,1.117E+12,0,28,0,1
openbank,2022/3/1,17602.86981,0.107581228,4.5,4,0,0,5,169.8245239,1100,1.117E+12,0,28,0,1
openbank,2022/4/1,17602.86981,0.104252398,4.5,4,0,0,0,164.849472,1100,1.117E+12,0,28,0,1
openbank,2022/5/1,13792.99548,0.11492537,4.6,4.333333333,0,0,5,151.8746948,1100,1.117E+12,0,28,0,1
openbank,2022/6/1,20353.62033,0.104006164,4.5,4.333333333,0,0,0,166.84375,1100,1.117E+12,0,28,0,1
openbank,2022/7/1,19534.89099,0.119934164,4.8,4,0,0,1,175.8095093,1100,1.117E+12,0,28,0,1
openbank,2022/8/1,20023.20816,0.113326341,4,3,0,0,4,141.7874146,1100,1.117E+12,0,28,0,1
openbank,2022/9/1,20023.20816,0.097427905,4.5,4.333333333,0,0,1,151.2639465,1100,1.117E+12,0,28,0,1
openbank,2022/10/1,9169.363117,0.095563143,4.6,4.333333333,0,0,4,177.7106628,1100,1.117E+12,0,28,0,1
openbank,2022/11/1,11530.56213,0.10619469,4.25,4.333333333,0,0,4,171.2546844,1100,1.117E+12,0,28,0,1
openbank,2022/12/1,28515.85419,0.111895159,4.25,3.666666667,0,0,4,147.8868103,1100,1.117E+12,0,28,0,1
openbank,2023/1/1,24494.21488,0.114262559,5,5.666666667,0,0,2,155.2749634,1100,1.117E+12,0,28,0,1
openbank,2023/2/1,6808.164101,0.108433738,5.25,4.333333333,0,0,4,138.8798676,1100,1.117E+12,0,28,0,1
openbank,2023/3/1,22470.8261,0.12189202,4.75,4.666666667,0,0,9,149.4098511,1100,1.117E+12,0,28,0,1
openbank,2023/4/1,16055.42883,0.113544203,5,4.666666667,0,0,1,137.8336182,1100,1.117E+12,0,28,0,1
openbank,2023/5/1,20648.96254,0.149492323,4.5,4.666666667,0,0,3,140.4842072,1100,1.117E+12,0,28,0,1
openbank,2023/6/1,17035.04747,0.117065124,5,4.666666667,0,0,3,133.3937836,1100,1.117E+12,0,28,0,1
openbank,2023/7/1,19151.87148,0.131679386,4.8,2,0,0,4,151.3408051,1100,1.117E+12,0,28,0,1
openbank,2023/8/1,11585.96843,0.147619054,4,1.5,0,0,2,108.4366837,1100,1.117E+12,0,28,0,1
openbank,2023/9/1,8604.217515,0.131722525,4.5,1.5,0,0,3,120.3502426,1100,1.117E+12,0,28,0,1
openbank,2023/10/1,11373.37713,0.106471814,4.4,1.5,0,0,5,147.1368103,1100,1.117E+12,0,28,0,1
openbank,2023/11/1,10553.92779,0.126666665,3.5,1.852941176,0,0,4,145.5266113,1100,1.117E+12,0,28,0,1
openbank,2023/12/1,24651.81184,0.13971743,4.2,1.580645161,0,0,4,140.7147522,1100,1.117E+12,0,28,0,1
myinvestor,2021/12/1,5319.608623,0.068322979,7,5,0,0,2,159.5752869,60,4000000000,0,7,0,0
myinvestor,2022/1/1,6577.851993,0.067114092,7,5,0,0,2,124.2296753,60,4000000000,0,7,0,0
myinvestor,2022/2/1,4031.71696,0.049738221,7,5,0,0,2,133.508606,60,4000000000,0,7,0,0
myinvestor,2022/3/1,4941.009311,0.059060402,7,5,0,0,2,169.8245239,60,4000000000,0,7,0,0
myinvestor,2022/4/1,5774.734455,0.050104383,7,5,0,0,2,164.849472,60,4000000000,0,7,0,0
myinvestor,2022/5/1,4701.676152,0.050264549,7.75,4,0,0,0,151.8746948,60,4000000000,0,7,0,0
myinvestor,2022/6/1,3743.697827,0.042168673,7.775,4,0,0,1,166.84375,60,4000000000,0,7,0,0
myinvestor,2022/7/1,8887.53198,0.049469966,64.65,4,0,0,6,175.8095093,60,4000000000,0,7,0,0
myinvestor,2022/8/1,6295.460707,0.050890584,23.625,6,0,0,4,141.7874146,60,4000000000,0,7,0,0
myinvestor,2022/9/1,6546.830235,0.045380875,23.625,6,0,0,4,151.2639465,60,4000000000,0,7,0,0
myinvestor,2022/10/1,7167.531539,0.057831325,64.65,6,0,0,6,177.7106628,60,4000000000,0,7,0,0
myinvestor,2022/11/1,6307.812018,0.057245079,2.625,8,0,0,5,171.2546844,60,4000000000,0,7,0,0
myinvestor,2022/12/1,7304.328761,0.075187966,23.625,7,0,0,4,147.8868103,60,4000000000,0,7,0,0
myinvestor,2023/1/1,8734.948773,0.05172414,7,8,0,0,2,155.2749634,60,4000000000,0,7,0,0
myinvestor,2023/2/1,19912.7674,0.066176474,26.375,7,0,0,11,138.8798676,60,4000000000,0,7,0,0
myinvestor,2023/3/1,17370.94664,0.04066265,23.625,10,0,0,4,149.4098511,60,4000000000,0,7,0,0
myinvestor,2023/4/1,11503.5985,0.050884955,26.375,10,0,0,8,137.8336182,60,4000000000,0,7,0,0
myinvestor,2023/5/1,8063.714763,0.049407113,25.5,10,0,0,7,140.4842072,60,4000000000,0,7,0,0
myinvestor,2023/6/1,11695.07827,0.057544757,25.5,10,0,0,7,133.3937836,60,4000000000,0,7,0,0
myinvestor,2023/7/1,9215.536627,0.06465517,23.625,10,0,0,4,151.3408051,60,4000000000,0,7,0,0
myinvestor,2023/8/1,10196.61443,0.079395086,7.775,10,0,0,1,108.4366837,60,4000000000,0,7,0,0
myinvestor,2023/9/1,15325.24415,0.064102568,23.625,10,0,0,4,120.3502426,60,4000000000,0,7,0,0
myinvestor,2023/10/1,13931.76528,0.069414318,7,10,0,0,2,147.1368103,60,4000000000,0,7,0,0
myinvestor,2023/11/1,12300.92091,0.065359481,7.775,10,0,0,1,145.5266113,60,4000000000,0,7,0,0
myinvestor,2023/12/1,13585.14236,0.096153848,7,10,0,0,2,140.7147522,60,4000000000,0,7,0,0
bankinter,2021/12/1,8733.560835,0.105769232,12,1.666666667,0,5,4,159.5752869,6138,83300000000,523,59,1,1
bankinter,2022/1/1,11410.59344,0.094186045,11.6,1.666666667,0,5,1,124.2296753,6138,83300000000,523,59,1,1
bankinter,2022/2/1,8891.661053,0.083083086,10.75,1.666666667,0,5,4,133.508606,6138,83300000000,523,59,1,1
bankinter,2022/3/1,7446.925144,0.082576387,10.25,1.666666667,0,5,2,169.8245239,6138,83300000000,523,59,1,1
bankinter,2022/4/1,10285.86173,0.102992348,10,1.666666667,0,5,2,164.849472,6138,83300000000,523,59,1,1
bankinter,2022/5/1,5975.58225,0.093655586,10.8,2,0,5,4,151.8746948,6138,83300000000,523,59,1,1
bankinter,2022/6/1,7762.845175,0.113584526,11.75,1.333333333,0,5,1,166.84375,6138,83300000000,523,59,1,1
bankinter,2022/7/1,6762.668091,0.085194379,11.4,1.666666667,0,5,2,175.8095093,6138,83300000000,523,59,1,1
bankinter,2022/8/1,5397.615718,0.095541403,9,3.666666667,0,5,0,141.7874146,6138,83300000000,523,59,1,1
bankinter,2022/9/1,8613.556577,0.106904231,10.25,3,0,5,1,151.2639465,6138,83300000000,523,59,1,1
bankinter,2022/10/1,9038.461163,0.093724534,9.6,3,0,5,0,177.7106628,6138,83300000000,523,59,1,1
bankinter,2022/11/1,13388.84577,0.099223472,9.25,1,0,5,0,171.2546844,6138,83300000000,523,59,1,1
bankinter,2022/12/1,6247.419882,0.109518938,9.25,1,0,5,1,147.8868103,6138,83300000000,523,59,1,1
bankinter,2023/1/1,11173.98009,0.09036658,10.4,1,0,5,0,155.2749634,6138,83300000000,523,59,1,1
bankinter,2023/2/1,14400.97723,0.096035242,10.25,4,0,5,1,138.8798676,6138,83300000000,523,59,1,1
bankinter,2023/3/1,15987.2572,0.098068349,10.5,5,0,5,2,149.4098511,6138,83300000000,523,59,1,1
bankinter,2023/4/1,10308.19476,0.108131491,10.8,5,0,5,2,137.8336182,6138,83300000000,523,59,1,1
bankinter,2023/5/1,24378.83926,0.082061544,10.25,5,0,5,2,140.4842072,6138,83300000000,523,59,1,1
bankinter,2023/6/1,10733.46451,0.093277313,11,5,0,5,3,133.3937836,6138,83300000000,523,59,1,1
bankinter,2023/7/1,12473.69211,0.081967212,11.8,3,0,5,3,151.3408051,6138,83300000000,523,59,1,1
bankinter,2023/8/1,16491.7839,0.100122102,9,3,0,5,0,108.4366837,6138,83300000000,523,59,1,1
bankinter,2023/9/1,14668.7243,0.097872339,9.75,3,0,5,0,120.3502426,6138,83300000000,523,59,1,1
bankinter,2023/10/1,16023.52914,0.088131607,10.4,3,0,5,3,147.1368103,6138,83300000000,523,59,1,1
bankinter,2023/11/1,10137.76426,0.108187132,10.25,4,0,5,2,145.5266113,6138,83300000000,523,59,1,1
bankinter,2023/12/1,8809.659637,0.112951808,10.6,4,0,5,1,140.7147522,6138,83300000000,523,59,1,1
evobanco,2021/12/1,5055.542564,0.079812206,2.75,4,0,5,1,159.5752869,200,7350000000,80,12,1,0
evobanco,2022/1/1,4539.012047,0.05532787,2.8,4,0,5,0,124.2296753,200,7350000000,80,12,1,0
evobanco,2022/2/1,6049.457905,0.067477874,3,4,0,5,1,133.508606,200,7350000000,80,12,1,0
evobanco,2022/3/1,9826.193608,0.075471699,3,4,0,5,2,169.8245239,200,7350000000,80,12,1,0
evobanco,2022/4/1,5028.236254,0.072147653,2.75,4,0,5,2,164.849472,200,7350000000,80,12,1,0
evobanco,2022/5/1,6753.060528,0.083774254,3.6,4,0,5,1,151.8746948,200,7350000000,80,12,1,0
evobanco,2022/6/1,5874.300014,0.069827586,3.5,3.5,0,5,0,166.84375,200,7350000000,80,12,1,0
evobanco,2022/7/1,2726.868297,0.069555305,3.2,3.5,0,5,1,175.8095093,200,7350000000,80,12,1,0
evobanco,2022/8/1,5641.461711,0.064952642,3.25,4,0,5,1,141.7874146,200,7350000000,80,12,1,0
evobanco,2022/9/1,4338.912965,0.060606062,3,5.5,0,5,0,151.2639465,200,7350000000,80,12,1,0
evobanco,2022/10/1,4082.431652,0.059683312,3.6,5.5,0,5,1,177.7106628,200,7350000000,80,12,1,0
evobanco,2022/11/1,6046.180546,0.072592594,3,5,0,5,1,171.2546844,200,7350000000,80,12,1,0
evobanco,2022/12/1,4019.240586,0.073643409,2.75,5,0,5,0,147.8868103,200,7350000000,80,12,1,0
evobanco,2023/1/1,4322.966697,0.065281898,3.2,5.666666667,0,5,0,155.2749634,200,7350000000,80,12,1,0
evobanco,2023/2/1,6607.313704,0.079856969,3,7,0,5,0,138.8798676,200,7350000000,80,12,1,0
evobanco,2023/3/1,4223.384801,0.0546875,2.5,3,0,5,4,149.4098511,200,7350000000,80,12,1,0
evobanco,2023/4/1,7512.648132,0.059751973,3,3,0,5,7,137.8336182,200,7350000000,80,12,1,0
evobanco,2023/5/1,9008.812031,0.065384619,2.5,3,0,5,0,140.4842072,200,7350000000,80,12,1,0
evobanco,2023/6/1,12311.57811,0.063492067,2.75,3,0,5,3,133.3937836,200,7350000000,80,12,1,0
evobanco,2023/7/1,7533.147002,0.070063695,3,5,0,5,1,151.3408051,200,7350000000,80,12,1,0
evobanco,2023/8/1,8121.2775,0.06827309,2.25,7.333333333,0,5,0,108.4366837,200,7350000000,80,12,1,0
evobanco,2023/9/1,9924.854621,0.074263766,2.75,7.333333333,0,5,1,120.3502426,200,7350000000,80,12,1,0
evobanco,2023/10/1,10604.39206,0.075313807,3,7.333333333,0,5,3,147.1368103,200,7350000000,80,12,1,0
evobanco,2023/11/1,9441.869501,0.08252427,3,7.333333333,0,5,1,145.5266113,200,7350000000,80,12,1,0
evobanco,2023/12/1,10035.28118,0.088235296,2.8,7.47311828,0,5,2,140.7147522,200,7350000000,80,12,1,0
santander,2021/12/1,22325.88597,0.116923079,65.5,7.47311828,0,0,5,159.5752869,212764,1.117E+12,8518,167,1,1
santander,2022/1/1,28331.24504,0.107471853,66.2,7.47311828,0,0,2,124.2296753,212764,1.117E+12,8518,167,1,1
santander,2022/2/1,23798.81917,0.119243421,65.5,7.47311828,0,0,6,133.508606,212764,1.117E+12,8518,167,1,1
santander,2022/3/1,24808.56173,0.112708017,62,7.47311828,0,0,4,169.8245239,212764,1.117E+12,8518,167,1,1
santander,2022/4/1,24739.75873,0.128591955,58.5,7.47311828,0,0,1,164.849472,212764,1.117E+12,8518,167,1,1
santander,2022/5/1,37041.51419,0.11447084,63.8,7.47311828,150,0,6,151.8746948,212764,1.117E+12,8518,167,1,1
santander,2022/6/1,35471.8656,0.111782476,67.25,7.47311828,150,0,0,166.84375,212764,1.117E+12,8518,167,1,1
santander,2022/7/1,35951.67483,0.118617438,66.8,7.47311828,150,0,2,175.8095093,212764,1.117E+12,8518,167,1,1
santander,2022/8/1,40746.60043,0.132407412,57.75,6,150,0,1,141.7874146,212764,1.117E+12,8518,167,1,1
santander,2022/9/1,41933.05791,0.124820657,61.25,5,150,0,3,151.2639465,212764,1.117E+12,8518,167,1,1
santander,2022/10/1,64291.32232,0.12553373,62,5,150,0,2,177.7106628,212764,1.117E+12,8518,167,1,1
santander,2022/11/1,53373.40089,0.130994871,58.5,1,150,0,0,171.2546844,212764,1.117E+12,8518,167,1,1
santander,2022/12/1,30042.07399,0.142116189,55,1,150,0,1,147.8868103,212764,1.117E+12,8518,167,1,1
santander,2023/1/1,55681.1944,0.121598639,61.6,2,150,0,1,155.2749634,212764,1.117E+12,8518,167,1,1
santander,2023/2/1,60995.20426,0.123720139,61.25,1,150,0,3,138.8798676,212764,1.117E+12,8518,167,1,1
santander,2023/3/1,54901.09402,0.163829029,64.75,1,150,0,1,149.4098511,212764,1.117E+12,8518,167,1,1
santander,2023/4/1,48906.05602,0.122168288,62.6,1,150,0,3,137.8336182,212764,1.117E+12,8518,167,1,1
santander,2023/5/1,41976.80462,0.108425416,58.25,1,150,0,4,140.4842072,212764,1.117E+12,8518,167,1,1
santander,2023/6/1,30059.29937,0.126623377,62.75,1,150,0,1,133.3937836,212764,1.117E+12,8518,167,1,1
santander,2023/7/1,45095.50277,0.12918216,63.8,6,150,0,1,151.3408051,212764,1.117E+12,8518,167,1,1
santander,2023/8/1,34290.16043,0.118913859,50.5,3.5,150,0,1,108.4366837,212764,1.117E+12,8518,167,1,1
santander,2023/9/1,40388.73782,0.125496432,56.25,3.5,400,0,3,120.3502426,212764,1.117E+12,8518,167,1,1
santander,2023/10/1,36636.70663,0.126346722,58.6,3.5,400,0,4,147.1368103,212764,1.117E+12,8518,167,1,1
santander,2023/11/1,35387.63014,0.121212125,59.75,1.5,400,0,3,145.5266113,212764,1.117E+12,8518,167,1,1
santander,2023/12/1,29101.69752,0.159196287,62.8,1.806451613,400,0,2,140.7147522,212764,1.117E+12,8518,167,1,1
