bank,date,web_traffic,number_of_employee,assets_under_management,number_of_branches,age,has_stores,founded_before_2000,cross_visitation,rank,category_best_salary_accounts_helmycash,category_best_savings_accounts_helpmycash,incentive,apr,mentions
abanca,2021-12-01,15202.983834522545,5946,72148000000,690,13,1,0,0.07799442857503891,4.0,0,0,300€,0%,1
abanca,2021-12-01,15202.983834522545,5946,72148000000,690,13,1,0,0.07799442857503891,4.0,1,0,300€,0%,1
abanca,2021-12-01,15202.983834522545,5946,72148000000,690,13,1,0,0.07799442857503891,4.0,0,1,300€,0%,1
abanca,2022-01-01,42183.91320722453,5946,72148000000,690,13,1,0,0.0625,4.0,0,0,300€,0%,1
abanca,2022-01-01,42183.91320722453,5946,72148000000,690,13,1,0,0.0625,4.0,1,0,300€,0%,1
abanca,2022-01-01,42183.91320722453,5946,72148000000,690,13,1,0,0.0625,4.0,0,1,300€,0%,1
abanca,2022-02-01,34498.1531146278,5946,72148000000,690,13,1,0,0.05228758230805397,4.0,0,0,300€,0%,2
abanca,2022-02-01,34498.1531146278,5946,72148000000,690,13,1,0,0.05228758230805397,4.0,1,0,300€,0%,2
abanca,2022-02-01,34498.1531146278,5946,72148000000,690,13,1,0,0.05228758230805397,4.0,0,1,300€,0%,2
abanca,2022-03-01,34546.3190212837,5946,72148000000,690,13,1,0,0.061503417789936066,4.0,0,0,300€,0%,2
abanca,2022-03-01,34546.3190212837,5946,72148000000,690,13,1,0,0.061503417789936066,4.0,1,0,300€,0%,2
abanca,2022-03-01,34546.3190212837,5946,72148000000,690,13,1,0,0.061503417789936066,4.0,0,1,300€,0%,2
abanca,2022-04-01,40508.28841987453,5946,72148000000,690,13,1,0,0.05022156611084938,4.0,0,0,300€,0%,2
abanca,2022-04-01,40508.28841987453,5946,72148000000,690,13,1,0,0.05022156611084938,4.0,1,0,300€,0%,2
abanca,2022-04-01,40508.28841987453,5946,72148000000,690,13,1,0,0.05022156611084938,4.0,0,1,300€,0%,2
abanca,2022-05-01,29791.338180302395,5946,72148000000,690,13,1,0,0.05829596519470215,4.0,0,0,300€,0%,2
abanca,2022-05-01,29791.338180302395,5946,72148000000,690,13,1,0,0.05829596519470215,3.0,1,0,300€,0%,2
abanca,2022-05-01,29791.338180302395,5946,72148000000,690,13,1,0,0.05829596519470215,3.0,0,1,300€,0%,2
abanca,2022-06-01,35087.42368705404,5946,72148000000,690,13,1,0,0.05483870953321457,6.0,0,0,300€,0%,0
abanca,2022-06-01,35087.42368705404,5946,72148000000,690,13,1,0,0.05483870953321457,2.0,1,0,300€,0%,0
abanca,2022-06-01,35087.42368705404,5946,72148000000,690,13,1,0,0.05483870953321457,2.0,0,1,300€,0%,0
abanca,2022-07-01,61969.49930377689,5946,72148000000,690,13,1,0,0.06050955504179001,6.0,0,0,300€,0%,1
abanca,2022-07-01,61969.49930377689,5946,72148000000,690,13,1,0,0.06050955504179001,3.0,1,0,300€,0%,1
abanca,2022-07-01,61969.49930377689,5946,72148000000,690,13,1,0,0.06050955504179001,3.0,0,1,300€,0%,1
abanca,2022-08-01,53939.00396088239,5946,72148000000,690,13,1,0,0.07065217196941376,5.0,0,0,300€,0%,0
abanca,2022-08-01,53939.00396088239,5946,72148000000,690,13,1,0,0.07065217196941376,4.0,1,0,300€,0%,0
abanca,2022-08-01,53939.00396088239,5946,72148000000,690,13,1,0,0.07065217196941376,4.0,0,1,300€,0%,0
abanca,2022-09-01,50991.05641364365,5946,72148000000,690,13,1,0,0.0602150522172451,6.0,0,0,300€,0%,3
abanca,2022-09-01,50991.05641364365,5946,72148000000,690,13,1,0,0.0602150522172451,4.0,1,0,300€,0%,3
abanca,2022-09-01,50991.05641364365,5946,72148000000,690,13,1,0,0.0602150522172451,4.0,0,1,300€,0%,3
abanca,2022-10-01,50567.12709965697,5946,72148000000,690,13,1,0,0.08157717436552048,4.0,0,0,300€,0%,0
abanca,2022-10-01,50567.12709965697,5946,72148000000,690,13,1,0,0.08157717436552048,4.0,1,0,300€,0%,0
abanca,2022-10-01,50567.12709965697,5946,72148000000,690,13,1,0,0.08157717436552048,4.0,0,1,300€,0%,0
abanca,2022-11-01,54180.810910869746,5946,72148000000,690,13,1,0,0.06040268391370773,4.0,0,0,300€,0%,0
abanca,2022-11-01,54180.810910869746,5946,72148000000,690,13,1,0,0.06040268391370773,4.0,1,0,300€,0%,0
abanca,2022-11-01,54180.810910869746,5946,72148000000,690,13,1,0,0.06040268391370773,4.0,0,1,300€,0%,0
abanca,2022-12-01,68183.61257707448,5946,72148000000,690,13,1,0,0.07266435772180557,5.0,0,0,300€,0%,1
abanca,2022-12-01,68183.61257707448,5946,72148000000,690,13,1,0,0.07266435772180557,5.0,1,0,300€,0%,1
abanca,2022-12-01,68183.61257707448,5946,72148000000,690,13,1,0,0.07266435772180557,5.0,0,1,300€,0%,1
abanca,2023-01-01,72370.73482921092,5946,72148000000,690,13,1,0,0.06533575057983398,4.0,0,0,300€,0%,0
abanca,2023-01-01,72370.73482921092,5946,72148000000,690,13,1,0,0.06533575057983398,3.0,1,0,300€,0%,0
abanca,2023-01-01,72370.73482921092,5946,72148000000,690,13,1,0,0.06533575057983398,3.0,0,1,300€,0%,0
abanca,2023-02-01,49474.72580955974,5946,72148000000,690,13,1,0,0.061870504170656204,4.0,0,0,300€,0%,0
abanca,2023-02-01,49474.72580955974,5946,72148000000,690,13,1,0,0.061870504170656204,3.0,1,0,300€,0%,0
abanca,2023-02-01,49474.72580955974,5946,72148000000,690,13,1,0,0.061870504170656204,3.0,0,1,300€,0%,0
abanca,2023-03-01,57832.8125185439,5946,72148000000,690,13,1,0,0.052150044590234756,4.0,0,0,300€,0%,1
abanca,2023-03-01,57832.8125185439,5946,72148000000,690,13,1,0,0.052150044590234756,4.0,1,0,300€,0%,1
abanca,2023-03-01,57832.8125185439,5946,72148000000,690,13,1,0,0.052150044590234756,8.0,0,1,300€,0%,1
abanca,2023-04-01,52944.02634954544,5946,72148000000,690,13,1,0,0.04651162773370743,8.0,0,0,300€,0%,3
abanca,2023-04-01,52944.02634954544,5946,72148000000,690,13,1,0,0.04651162773370743,8.0,1,0,300€,0%,3
abanca,2023-04-01,52944.02634954544,5946,72148000000,690,13,1,0,0.04651162773370743,8.0,0,1,300€,0%,3
abanca,2023-05-01,57922.472646117,5946,72148000000,690,13,1,0,0.0531177818775177,8.0,0,0,300€,0%,1
abanca,2023-05-01,57922.472646117,5946,72148000000,690,13,1,0,0.0531177818775177,8.0,1,0,300€,0%,1
abanca,2023-05-01,57922.472646117,5946,72148000000,690,13,1,0,0.0531177818775177,8.0,0,1,300€,0%,1
abanca,2023-06-01,64628.532316185054,5946,72148000000,690,13,1,0,0.05181347206234932,8.0,0,0,300€,0%,1
abanca,2023-06-01,64628.532316185054,5946,72148000000,690,13,1,0,0.05181347206234932,8.0,1,0,300€,0%,1
abanca,2023-06-01,64628.532316185054,5946,72148000000,690,13,1,0,0.05181347206234932,8.0,0,1,300€,0%,1
abanca,2023-07-01,77975.9973211147,5946,72148000000,690,13,1,0,0.07102272659540176,8.0,0,0,300€,0%,1
abanca,2023-07-01,77975.9973211147,5946,72148000000,690,13,1,0,0.07102272659540176,8.0,1,0,300€,0%,1
abanca,2023-07-01,77975.9973211147,5946,72148000000,690,13,1,0,0.07102272659540176,8.0,0,1,300€,0%,1
abanca,2023-08-01,90688.23604806988,5946,72148000000,690,13,1,0,0.0683760717511177,4.0,0,0,300€,0%,1
abanca,2023-08-01,90688.23604806988,5946,72148000000,690,13,1,0,0.0683760717511177,7.0,1,0,300€,0%,1
abanca,2023-08-01,90688.23604806988,5946,72148000000,690,13,1,0,0.0683760717511177,7.0,0,1,300€,0%,1
abanca,2023-09-01,69082.3884196847,5946,72148000000,690,13,1,0,0.06373937427997589,7.0,0,0,300€,0%,0
abanca,2023-09-01,69082.3884196847,5946,72148000000,690,13,1,0,0.06373937427997589,7.0,1,0,300€,0%,0
abanca,2023-09-01,69082.3884196847,5946,72148000000,690,13,1,0,0.06373937427997589,7.0,0,1,300€,0%,0
abanca,2023-10-01,75669.22931640742,5946,72148000000,690,13,1,0,0.072727270424366,7.0,0,0,300€,0%,1
abanca,2023-10-01,75669.22931640742,5946,72148000000,690,13,1,0,0.072727270424366,7.0,1,0,300€,0%,1
abanca,2023-10-01,75669.22931640742,5946,72148000000,690,13,1,0,0.072727270424366,7.0,0,1,300€,0%,1
abanca,2023-11-01,60025.43195222091,5946,72148000000,690,13,1,0,0.06722689419984818,5.470588235294118,0,0,300€,0%,1
abanca,2023-11-01,60025.43195222091,5946,72148000000,690,13,1,0,0.06722689419984818,3.0,1,0,300€,0%,1
abanca,2023-11-01,60025.43195222091,5946,72148000000,690,13,1,0,0.06722689419984818,3.0,0,1,300€,0%,1
abanca,2023-12-01,57677.13303408881,5946,72148000000,690,13,1,0,0.08940397202968597,5.354838709677419,0,0,300€,2%,0
abanca,2023-12-01,57677.13303408881,5946,72148000000,690,13,1,0,0.08940397202968597,3.0,1,0,300€,2%,0
abanca,2023-12-01,57677.13303408881,5946,72148000000,690,13,1,0,0.08940397202968597,3.0,0,1,300€,2%,0
n26,2021-12-01,6664.368910778517,1500,8000000000,0,11,0,0,0.0672043040394783,7.0,0,0,300€,2%,2
n26,2021-12-01,6664.368910778517,1500,8000000000,0,11,0,0,0.0672043040394783,7.0,1,0,300€,2%,2
n26,2021-12-01,6664.368910778517,1500,8000000000,0,11,0,0,0.0672043040394783,7.0,0,1,300€,2%,2
n26,2021-12-01,15239.190071293438,1500,8000000000,0,11,0,0,0.0672043040394783,7.0,0,0,300€,2%,2
n26,2021-12-01,15239.190071293438,1500,8000000000,0,11,0,0,0.0672043040394783,7.0,1,0,300€,2%,2
n26,2021-12-01,15239.190071293438,1500,8000000000,0,11,0,0,0.0672043040394783,7.0,0,1,300€,2%,2
n26,2022-01-01,5310.17735954677,1500,8000000000,0,11,0,0,0.07872340083122253,7.0,0,0,300€,2%,2
n26,2022-01-01,5310.17735954677,1500,8000000000,0,11,0,0,0.07872340083122253,7.0,1,0,300€,2%,2
n26,2022-01-01,5310.17735954677,1500,8000000000,0,11,0,0,0.07872340083122253,7.0,0,1,300€,2%,2
n26,2022-01-01,11468.598705576667,1500,8000000000,0,11,0,0,0.07872340083122253,7.0,0,0,300€,2%,2
n26,2022-01-01,11468.598705576667,1500,8000000000,0,11,0,0,0.07872340083122253,7.0,1,0,300€,2%,2
n26,2022-01-01,11468.598705576667,1500,8000000000,0,11,0,0,0.07872340083122253,7.0,0,1,300€,2%,2
n26,2022-02-01,5547.5889705106265,1500,8000000000,0,11,0,0,0.05547652766108513,7.0,0,0,300€,2%,2
n26,2022-02-01,5547.5889705106265,1500,8000000000,0,11,0,0,0.05547652766108513,7.0,1,0,300€,2%,2
n26,2022-02-01,5547.5889705106265,1500,8000000000,0,11,0,0,0.05547652766108513,7.0,0,1,300€,2%,2
n26,2022-02-01,12928.637518661106,1500,8000000000,0,11,0,0,0.05547652766108513,7.0,0,0,300€,2%,2
n26,2022-02-01,12928.637518661106,1500,8000000000,0,11,0,0,0.05547652766108513,7.0,1,0,300€,2%,2
n26,2022-02-01,12928.637518661106,1500,8000000000,0,11,0,0,0.05547652766108513,7.0,0,1,300€,2%,2
n26,2022-03-01,4900.271300032084,1500,8000000000,0,11,0,0,0.0565476194024086,7.0,0,0,300€,2%,1
n26,2022-03-01,4900.271300032084,1500,8000000000,0,11,0,0,0.0565476194024086,7.0,1,0,300€,2%,1
n26,2022-03-01,4900.271300032084,1500,8000000000,0,11,0,0,0.0565476194024086,7.0,0,1,300€,2%,1
n26,2022-03-01,12554.646465097732,1500,8000000000,0,11,0,0,0.0565476194024086,7.0,0,0,300€,2%,1
n26,2022-03-01,12554.646465097732,1500,8000000000,0,11,0,0,0.0565476194024086,7.0,1,0,300€,2%,1
n26,2022-03-01,12554.646465097732,1500,8000000000,0,11,0,0,0.0565476194024086,7.0,0,1,300€,2%,1
n26,2022-04-01,4909.581023140519,1500,8000000000,0,11,0,0,0.052254099398851395,7.0,0,0,300€,2%,1
n26,2022-04-01,4909.581023140519,1500,8000000000,0,11,0,0,0.052254099398851395,7.0,1,0,300€,2%,1
n26,2022-04-01,4909.581023140519,1500,8000000000,0,11,0,0,0.052254099398851395,7.0,0,1,300€,2%,1
n26,2022-04-01,11887.397875042518,1500,8000000000,0,11,0,0,0.052254099398851395,7.0,0,0,300€,2%,1
n26,2022-04-01,11887.397875042518,1500,8000000000,0,11,0,0,0.052254099398851395,7.0,1,0,300€,2%,1
n26,2022-04-01,11887.397875042518,1500,8000000000,0,11,0,0,0.052254099398851395,7.0,0,1,300€,2%,1
n26,2022-05-01,6639.387528361599,1500,8000000000,0,11,0,0,0.054621849209070206,9.0,0,0,300€,2%,2
n26,2022-05-01,6639.387528361599,1500,8000000000,0,11,0,0,0.054621849209070206,5.0,1,0,300€,2%,2
n26,2022-05-01,6639.387528361599,1500,8000000000,0,11,0,0,0.054621849209070206,5.0,0,1,300€,2%,2
n26,2022-05-01,14913.055479318129,1500,8000000000,0,11,0,0,0.054621849209070206,9.0,0,0,300€,2%,2
n26,2022-05-01,14913.055479318129,1500,8000000000,0,11,0,0,0.054621849209070206,5.0,1,0,300€,2%,2
n26,2022-05-01,14913.055479318129,1500,8000000000,0,11,0,0,0.054621849209070206,5.0,0,1,300€,2%,2
n26,2022-06-01,7382.78333666578,1500,8000000000,0,11,0,0,0.05034324899315834,4.0,0,0,300€,2%,1
n26,2022-06-01,7382.78333666578,1500,8000000000,0,11,0,0,0.05034324899315834,7.0,1,0,300€,2%,1
n26,2022-06-01,7382.78333666578,1500,8000000000,0,11,0,0,0.05034324899315834,7.0,0,1,300€,2%,1
n26,2022-06-01,13022.084931741947,1500,8000000000,0,11,0,0,0.05034324899315834,4.0,0,0,300€,2%,1
n26,2022-06-01,13022.084931741947,1500,8000000000,0,11,0,0,0.05034324899315834,7.0,1,0,300€,2%,1
n26,2022-06-01,13022.084931741947,1500,8000000000,0,11,0,0,0.05034324899315834,7.0,0,1,300€,2%,1
n26,2022-07-01,9062.696017401995,1500,8000000000,0,11,0,0,0.04513399302959442,5.0,0,0,300€,2%,0
n26,2022-07-01,9062.696017401995,1500,8000000000,0,11,0,0,0.04513399302959442,6.0,1,0,300€,2%,0
n26,2022-07-01,9062.696017401995,1500,8000000000,0,11,0,0,0.04513399302959442,6.0,0,1,300€,2%,0
n26,2022-07-01,10516.891239356417,1500,8000000000,0,11,0,0,0.04513399302959442,5.0,0,0,300€,2%,0
n26,2022-07-01,10516.891239356417,1500,8000000000,0,11,0,0,0.04513399302959442,6.0,1,0,300€,2%,0
n26,2022-07-01,10516.891239356417,1500,8000000000,0,11,0,0,0.04513399302959442,6.0,0,1,300€,2%,0
n26,2022-08-01,8751.572647446745,1500,8000000000,0,11,0,0,0.05443548411130905,8.0,0,0,300€,2%,0
n26,2022-08-01,8751.572647446745,1500,8000000000,0,11,0,0,0.05443548411130905,8.0,1,0,300€,2%,0
n26,2022-08-01,8751.572647446745,1500,8000000000,0,11,0,0,0.05443548411130905,8.0,0,1,300€,2%,0
n26,2022-08-01,11442.034145373626,1500,8000000000,0,11,0,0,0.05443548411130905,8.0,0,0,300€,2%,0
n26,2022-08-01,11442.034145373626,1500,8000000000,0,11,0,0,0.05443548411130905,8.0,1,0,300€,2%,0
n26,2022-08-01,11442.034145373626,1500,8000000000,0,11,0,0,0.05443548411130905,8.0,0,1,300€,2%,0
n26,2022-09-01,7224.135118626587,1500,8000000000,0,11,0,0,0.04991680383682251,9.0,0,0,300€,2%,5
n26,2022-09-01,7224.135118626587,1500,8000000000,0,11,0,0,0.04991680383682251,8.0,1,0,300€,2%,5
n26,2022-09-01,7224.135118626587,1500,8000000000,0,11,0,0,0.04991680383682251,8.0,0,1,300€,2%,5
n26,2022-09-01,13134.701328776178,1500,8000000000,0,11,0,0,0.04991680383682251,9.0,0,0,300€,2%,5
n26,2022-09-01,13134.701328776178,1500,8000000000,0,11,0,0,0.04991680383682251,8.0,1,0,300€,2%,5
n26,2022-09-01,13134.701328776178,1500,8000000000,0,11,0,0,0.04991680383682251,8.0,0,1,300€,2%,5
n26,2022-10-01,5354.453814001844,1500,8000000000,0,11,0,0,0.042500000447034836,8.0,0,0,300€,2%,1
n26,2022-10-01,5354.453814001844,1500,8000000000,0,11,0,0,0.042500000447034836,8.0,1,0,300€,2%,1
n26,2022-10-01,5354.453814001844,1500,8000000000,0,11,0,0,0.042500000447034836,8.0,0,1,300€,2%,1
n26,2022-10-01,13014.949555790387,1500,8000000000,0,11,0,0,0.042500000447034836,8.0,0,0,300€,2%,1
n26,2022-10-01,13014.949555790387,1500,8000000000,0,11,0,0,0.042500000447034836,8.0,1,0,300€,2%,1
n26,2022-10-01,13014.949555790387,1500,8000000000,0,11,0,0,0.042500000447034836,8.0,0,1,300€,2%,1
n26,2022-11-01,9354.98767605288,1500,8000000000,0,11,0,0,0.05797101557254791,8.0,0,0,300€,2%,0
n26,2022-11-01,9354.98767605288,1500,8000000000,0,11,0,0,0.05797101557254791,7.0,1,0,300€,2%,0
n26,2022-11-01,9354.98767605288,1500,8000000000,0,11,0,0,0.05797101557254791,7.0,0,1,300€,2%,0
n26,2022-11-01,9779.149729760553,1500,8000000000,0,11,0,0,0.05797101557254791,8.0,0,0,300€,2%,0
n26,2022-11-01,9779.149729760553,1500,8000000000,0,11,0,0,0.05797101557254791,7.0,1,0,300€,2%,0
n26,2022-11-01,9779.149729760553,1500,8000000000,0,11,0,0,0.05797101557254791,7.0,0,1,300€,2%,0
n26,2022-12-01,5165.09800463829,1500,8000000000,0,11,0,0,0.06012658402323723,8.0,0,0,300€,2%,3
n26,2022-12-01,5165.09800463829,1500,8000000000,0,11,0,0,0.06012658402323723,7.0,1,0,300€,2%,3
n26,2022-12-01,5165.09800463829,1500,8000000000,0,11,0,0,0.06012658402323723,7.0,0,1,300€,2%,3
n26,2022-12-01,11302.005588201922,1500,8000000000,0,11,0,0,0.06012658402323723,8.0,0,0,300€,2%,3
n26,2022-12-01,11302.005588201922,1500,8000000000,0,11,0,0,0.06012658402323723,7.0,1,0,300€,2%,3
n26,2022-12-01,11302.005588201922,1500,8000000000,0,11,0,0,0.06012658402323723,7.0,0,1,300€,2%,3
n26,2023-01-01,6291.218744785735,1500,8000000000,0,11,0,0,0.05986696109175682,9.0,0,0,300€,2%,3
n26,2023-01-01,6291.218744785735,1500,8000000000,0,11,0,0,0.05986696109175682,8.0,1,0,300€,2%,3
n26,2023-01-01,6291.218744785735,1500,8000000000,0,11,0,0,0.05986696109175682,8.0,0,1,300€,2%,3
n26,2023-01-01,6858.590184761588,1500,8000000000,0,11,0,0,0.05986696109175682,9.0,0,0,300€,2%,3
n26,2023-01-01,6858.590184761588,1500,8000000000,0,11,0,0,0.05986696109175682,8.0,1,0,300€,2%,3
n26,2023-01-01,6858.590184761588,1500,8000000000,0,11,0,0,0.05986696109175682,8.0,0,1,300€,2%,3
n26,2023-02-01,6289.0524789627725,1500,8000000000,0,11,0,0,0.04273504391312599,9.0,0,0,300€,2%,2
n26,2023-02-01,6289.0524789627725,1500,8000000000,0,11,0,0,0.04273504391312599,8.0,1,0,300€,2%,2
n26,2023-02-01,6289.0524789627725,1500,8000000000,0,11,0,0,0.04273504391312599,8.0,0,1,300€,2%,2
n26,2023-02-01,7424.03914524577,1500,8000000000,0,11,0,0,0.04273504391312599,9.0,0,0,300€,2%,2
n26,2023-02-01,7424.03914524577,1500,8000000000,0,11,0,0,0.04273504391312599,8.0,1,0,300€,2%,2
n26,2023-02-01,7424.03914524577,1500,8000000000,0,11,0,0,0.04273504391312599,8.0,0,1,300€,2%,2
n26,2023-03-01,5844.544203102415,1500,8000000000,0,11,0,0,0.041806019842624664,9.0,0,0,300€,2%,1
n26,2023-03-01,5844.544203102415,1500,8000000000,0,11,0,0,0.041806019842624664,7.0,1,0,300€,2%,1
n26,2023-03-01,5844.544203102415,1500,8000000000,0,11,0,0,0.041806019842624664,7.0,0,1,300€,2%,1
n26,2023-03-01,8809.934385511588,1500,8000000000,0,11,0,0,0.041806019842624664,9.0,0,0,300€,2%,1
n26,2023-03-01,8809.934385511588,1500,8000000000,0,11,0,0,0.041806019842624664,7.0,1,0,300€,2%,1
n26,2023-03-01,8809.934385511588,1500,8000000000,0,11,0,0,0.041806019842624664,7.0,0,1,300€,2%,1
n26,2023-04-01,6423.697228227968,1500,8000000000,0,11,0,0,0.04216867312788963,7.0,0,0,300€,2%,2
n26,2023-04-01,6423.697228227968,1500,8000000000,0,11,0,0,0.04216867312788963,7.0,1,0,300€,2%,2
n26,2023-04-01,6423.697228227968,1500,8000000000,0,11,0,0,0.04216867312788963,7.0,0,1,300€,2%,2
n26,2023-04-01,10265.227329036006,1500,8000000000,0,11,0,0,0.04216867312788963,7.0,0,0,300€,2%,2
n26,2023-04-01,10265.227329036006,1500,8000000000,0,11,0,0,0.04216867312788963,7.0,1,0,300€,2%,2
n26,2023-04-01,10265.227329036006,1500,8000000000,0,11,0,0,0.04216867312788963,7.0,0,1,300€,2%,2
n26,2023-05-01,5934.9573003898795,1500,8000000000,0,11,0,0,0.04915730282664299,7.0,0,0,300€,2%,4
n26,2023-05-01,5934.9573003898795,1500,8000000000,0,11,0,0,0.04915730282664299,7.0,1,0,300€,2%,4
n26,2023-05-01,5934.9573003898795,1500,8000000000,0,11,0,0,0.04915730282664299,7.0,0,1,300€,2%,4
n26,2023-05-01,6051.689088089369,1500,8000000000,0,11,0,0,0.04915730282664299,7.0,0,0,300€,2%,4
n26,2023-05-01,6051.689088089369,1500,8000000000,0,11,0,0,0.04915730282664299,7.0,1,0,300€,2%,4
n26,2023-05-01,6051.689088089369,1500,8000000000,0,11,0,0,0.04915730282664299,7.0,0,1,300€,2%,4
n26,2023-06-01,7570.643411413261,1500,8000000000,0,11,0,0,0.05862646549940109,7.0,0,0,300€,2%,2
n26,2023-06-01,7570.643411413261,1500,8000000000,0,11,0,0,0.05862646549940109,7.0,1,0,300€,2%,2
n26,2023-06-01,7570.643411413261,1500,8000000000,0,11,0,0,0.05862646549940109,7.0,0,1,300€,2%,2
n26,2023-06-01,8215.615083321494,1500,8000000000,0,11,0,0,0.05862646549940109,7.0,0,0,300€,2%,2
n26,2023-06-01,8215.615083321494,1500,8000000000,0,11,0,0,0.05862646549940109,7.0,1,0,300€,2%,2
n26,2023-06-01,8215.615083321494,1500,8000000000,0,11,0,0,0.05862646549940109,7.0,0,1,300€,2%,2
n26,2023-07-01,14679.82996548805,1500,8000000000,0,11,0,0,0.08361203968524933,6.0,0,0,300€,2%,1
n26,2023-07-01,14679.82996548805,1500,8000000000,0,11,0,0,0.08361203968524933,6.0,1,0,300€,2%,1
n26,2023-07-01,14679.82996548805,1500,8000000000,0,11,0,0,0.08361203968524933,10.0,0,1,300€,2%,1
n26,2023-07-01,11091.106152260778,1500,8000000000,0,11,0,0,0.08361203968524933,6.0,0,0,300€,2%,1
n26,2023-07-01,11091.106152260778,1500,8000000000,0,11,0,0,0.08361203968524933,6.0,1,0,300€,2%,1
n26,2023-07-01,11091.106152260778,1500,8000000000,0,11,0,0,0.08361203968524933,10.0,0,1,300€,2%,1
n26,2023-08-01,11489.221891729097,1500,8000000000,0,11,0,0,0.06932409107685089,9.0,0,0,300€,2%,1
n26,2023-08-01,11489.221891729097,1500,8000000000,0,11,0,0,0.06932409107685089,3.0,1,0,300€,2%,1
n26,2023-08-01,11489.221891729097,1500,8000000000,0,11,0,0,0.06932409107685089,10.0,0,1,300€,2%,1
n26,2023-08-01,9104.383956197371,1500,8000000000,0,11,0,0,0.06932409107685089,9.0,0,0,300€,2%,1
n26,2023-08-01,9104.383956197371,1500,8000000000,0,11,0,0,0.06932409107685089,3.0,1,0,300€,2%,1
n26,2023-08-01,9104.383956197371,1500,8000000000,0,11,0,0,0.06932409107685089,10.0,0,1,300€,2%,1
n26,2023-09-01,6403.965627919878,1500,8000000000,0,11,0,0,0.05336426943540573,10.0,0,0,300€,2%,0
n26,2023-09-01,6403.965627919878,1500,8000000000,0,11,0,0,0.05336426943540573,10.0,1,0,300€,2%,0
n26,2023-09-01,6403.965627919878,1500,8000000000,0,11,0,0,0.05336426943540573,10.0,0,1,300€,2%,0
n26,2023-09-01,7935.475920146254,1500,8000000000,0,11,0,0,0.05336426943540573,10.0,0,0,300€,2%,0
n26,2023-09-01,7935.475920146254,1500,8000000000,0,11,0,0,0.05336426943540573,10.0,1,0,300€,2%,0
n26,2023-09-01,7935.475920146254,1500,8000000000,0,11,0,0,0.05336426943540573,10.0,0,1,300€,2%,0
n26,2023-10-01,6319.372965945205,1500,8000000000,0,11,0,0,0.0589473694562912,10.0,0,0,300€,2%,5
n26,2023-10-01,6319.372965945205,1500,8000000000,0,11,0,0,0.0589473694562912,10.0,1,0,300€,2%,5
n26,2023-10-01,6319.372965945205,1500,8000000000,0,11,0,0,0.0589473694562912,10.0,0,1,300€,2%,5
n26,2023-10-01,8796.029983827872,1500,8000000000,0,11,0,0,0.0589473694562912,10.0,0,0,300€,2%,5
n26,2023-10-01,8796.029983827872,1500,8000000000,0,11,0,0,0.0589473694562912,10.0,1,0,300€,2%,5
n26,2023-10-01,8796.029983827872,1500,8000000000,0,11,0,0,0.0589473694562912,10.0,0,1,300€,2%,5
n26,2023-11-01,5037.106188622178,1500,8000000000,0,11,0,0,0.0760233923792839,9.0,0,0,300€,2%,2
n26,2023-11-01,5037.106188622178,1500,8000000000,0,11,0,0,0.0760233923792839,6.0,1,0,300€,2%,2
n26,2023-11-01,5037.106188622178,1500,8000000000,0,11,0,0,0.0760233923792839,6.0,0,1,300€,2%,2
n26,2023-11-01,9529.609109058978,1500,8000000000,0,11,0,0,0.0760233923792839,9.0,0,0,300€,2%,2
n26,2023-11-01,9529.609109058978,1500,8000000000,0,11,0,0,0.0760233923792839,6.0,1,0,300€,2%,2
n26,2023-11-01,9529.609109058978,1500,8000000000,0,11,0,0,0.0760233923792839,6.0,0,1,300€,2%,2
n26,2023-12-01,6233.761119561585,1500,8000000000,0,11,0,0,0.092261902987957,9.0,0,0,300€,2%,1
n26,2023-12-01,6233.761119561585,1500,8000000000,0,11,0,0,0.092261902987957,6.0,1,0,300€,2%,1
n26,2023-12-01,6233.761119561585,1500,8000000000,0,11,0,0,0.092261902987957,6.0,0,1,300€,2%,1
n26,2023-12-01,12034.247890228125,1500,8000000000,0,11,0,0,0.092261902987957,9.0,0,0,300€,2%,1
n26,2023-12-01,12034.247890228125,1500,8000000000,0,11,0,0,0.092261902987957,6.0,1,0,300€,2%,1
n26,2023-12-01,12034.247890228125,1500,8000000000,0,11,0,0,0.092261902987957,6.0,0,1,300€,2%,1
banc sabadell,2021-12-01,20611.877467019578,19316,253000000000,1594,143,1,1,0.07022900879383087,6.0,0,0,300€,2%,0
banc sabadell,2021-12-01,20611.877467019578,19316,253000000000,1594,143,1,1,0.07022900879383087,6.0,1,0,300€,2%,0
banc sabadell,2021-12-01,20611.877467019578,19316,253000000000,1594,143,1,1,0.07022900879383087,2.0,0,1,300€,2%,0
banc sabadell,2021-12-01,20611.877467019578,19316,253000000000,1594,143,1,1,0.07022900879383087,2.0,0,1,300€,2%,0
banc sabadell,2022-01-01,28890.415604773065,19316,253000000000,1594,143,1,1,0.08460471779108047,2.0,0,0,300€,2%,0
banc sabadell,2022-01-01,28890.415604773065,19316,253000000000,1594,143,1,1,0.08460471779108047,2.0,1,0,300€,2%,0
banc sabadell,2022-01-01,28890.415604773065,19316,253000000000,1594,143,1,1,0.08460471779108047,2.0,0,1,300€,2%,0
banc sabadell,2022-01-01,28890.415604773065,19316,253000000000,1594,143,1,1,0.08460471779108047,2.0,0,1,300€,2%,0
banc sabadell,2022-02-01,24924.68118436902,19316,253000000000,1594,143,1,1,0.05962059646844864,2.0,0,0,300€,2%,0
banc sabadell,2022-02-01,24924.68118436902,19316,253000000000,1594,143,1,1,0.05962059646844864,2.0,1,0,300€,2%,0
banc sabadell,2022-02-01,24924.68118436902,19316,253000000000,1594,143,1,1,0.05962059646844864,2.0,0,1,300€,2%,0
banc sabadell,2022-02-01,24924.68118436902,19316,253000000000,1594,143,1,1,0.05962059646844864,2.0,0,1,300€,2%,0
banc sabadell,2022-03-01,23968.596015124363,19316,253000000000,1594,143,1,1,0.0676506757736206,2.0,0,0,300€,2%,0
banc sabadell,2022-03-01,23968.596015124363,19316,253000000000,1594,143,1,1,0.0676506757736206,2.0,1,0,300€,2%,0
banc sabadell,2022-03-01,23968.596015124363,19316,253000000000,1594,143,1,1,0.0676506757736206,2.0,0,1,300€,2%,0
banc sabadell,2022-03-01,23968.596015124363,19316,253000000000,1594,143,1,1,0.0676506757736206,2.0,0,1,300€,2%,0
banc sabadell,2022-04-01,27150.311204916776,19316,253000000000,1594,143,1,1,0.06400742381811142,2.0,0,0,300€,2%,0
banc sabadell,2022-04-01,27150.311204916776,19316,253000000000,1594,143,1,1,0.06400742381811142,2.0,1,0,300€,2%,0
banc sabadell,2022-04-01,27150.311204916776,19316,253000000000,1594,143,1,1,0.06400742381811142,2.0,0,1,300€,2%,0
banc sabadell,2022-04-01,27150.311204916776,19316,253000000000,1594,143,1,1,0.06400742381811142,2.0,0,1,300€,2%,0
banc sabadell,2022-05-01,12267.129452972538,19316,253000000000,1594,143,1,1,0.06560846418142319,2.0,0,0,300€,2%,0
banc sabadell,2022-05-01,12267.129452972538,19316,253000000000,1594,143,1,1,0.06560846418142319,2.0,1,0,300€,2%,0
banc sabadell,2022-05-01,12267.129452972538,19316,253000000000,1594,143,1,1,0.06560846418142319,3.0,0,1,300€,2%,0
banc sabadell,2022-05-01,12267.129452972538,19316,253000000000,1594,143,1,1,0.06560846418142319,3.0,0,1,300€,2%,0
banc sabadell,2022-06-01,27765.9781710917,19316,253000000000,1594,143,1,1,0.06561680138111115,3.0,0,0,300€,2%,0
banc sabadell,2022-06-01,27765.9781710917,19316,253000000000,1594,143,1,1,0.06561680138111115,3.0,1,0,300€,2%,0
banc sabadell,2022-06-01,27765.9781710917,19316,253000000000,1594,143,1,1,0.06561680138111115,2.0,0,1,300€,2%,0
banc sabadell,2022-06-01,27765.9781710917,19316,253000000000,1594,143,1,1,0.06561680138111115,2.0,0,1,300€,2%,0
banc sabadell,2022-07-01,33651.426645391424,19316,253000000000,1594,143,1,1,0.0767807587981224,2.0,0,0,300€,2%,0
banc sabadell,2022-07-01,33651.426645391424,19316,253000000000,1594,143,1,1,0.0767807587981224,2.0,1,0,300€,2%,0
banc sabadell,2022-07-01,33651.426645391424,19316,253000000000,1594,143,1,1,0.0767807587981224,2.0,0,1,300€,2%,0
banc sabadell,2022-07-01,33651.426645391424,19316,253000000000,1594,143,1,1,0.0767807587981224,2.0,0,1,300€,2%,0
banc sabadell,2022-08-01,36382.54241811369,19316,253000000000,1594,143,1,1,0.07910271733999252,2.0,0,0,300€,2%,0
banc sabadell,2022-08-01,36382.54241811369,19316,253000000000,1594,143,1,1,0.07910271733999252,5.0,1,0,300€,2%,0
banc sabadell,2022-08-01,36382.54241811369,19316,253000000000,1594,143,1,1,0.07910271733999252,5.0,0,1,300€,2%,0
banc sabadell,2022-08-01,36382.54241811369,19316,253000000000,1594,143,1,1,0.07910271733999252,5.0,0,1,300€,2%,0
banc sabadell,2022-09-01,40102.3719438098,19316,253000000000,1594,143,1,1,0.07531760632991791,2.0,0,0,0,2%,0
banc sabadell,2022-09-01,40102.3719438098,19316,253000000000,1594,143,1,1,0.07531760632991791,5.0,1,0,0,2%,0
banc sabadell,2022-09-01,40102.3719438098,19316,253000000000,1594,143,1,1,0.07531760632991791,5.0,0,1,0,2%,0
banc sabadell,2022-09-01,40102.3719438098,19316,253000000000,1594,143,1,1,0.07531760632991791,5.0,0,1,0,2%,0
banc sabadell,2022-10-01,18165.133261740248,19316,253000000000,1594,143,1,1,0.0710710734128952,5.0,0,0,0,2%,0
banc sabadell,2022-10-01,18165.133261740248,19316,253000000000,1594,143,1,1,0.0710710734128952,5.0,1,0,0,2%,0
banc sabadell,2022-10-01,18165.133261740248,19316,253000000000,1594,143,1,1,0.0710710734128952,5.0,0,1,0,2%,0
banc sabadell,2022-10-01,18165.133261740248,19316,253000000000,1594,143,1,1,0.0710710734128952,5.0,0,1,0,2%,0
banc sabadell,2022-11-01,32183.327434895953,19316,253000000000,1594,143,1,1,0.07508833706378937,6.0,0,0,0,2%,0
banc sabadell,2022-11-01,32183.327434895953,19316,253000000000,1594,143,1,1,0.07508833706378937,6.0,1,0,0,2%,0
banc sabadell,2022-11-01,32183.327434895953,19316,253000000000,1594,143,1,1,0.07508833706378937,6.0,0,1,0,2%,0
banc sabadell,2022-11-01,32183.327434895953,19316,253000000000,1594,143,1,1,0.07508833706378937,2.0,0,1,0,2%,0
banc sabadell,2022-12-01,44020.33598295302,19316,253000000000,1594,143,1,1,0.10226049274206161,2.0,0,0,0,2%,0
banc sabadell,2022-12-01,44020.33598295302,19316,253000000000,1594,143,1,1,0.10226049274206161,2.0,1,0,0,2%,0
banc sabadell,2022-12-01,44020.33598295302,19316,253000000000,1594,143,1,1,0.10226049274206161,2.0,0,1,0,2%,0
banc sabadell,2022-12-01,44020.33598295302,19316,253000000000,1594,143,1,1,0.10226049274206161,4.0,0,1,0,2%,0
banc sabadell,2023-01-01,62312.793075368056,19316,253000000000,1594,143,1,1,0.09244532883167267,1.0,0,0,0,2%,0
banc sabadell,2023-01-01,62312.793075368056,19316,253000000000,1594,143,1,1,0.09244532883167267,1.0,1,0,0,2%,0
banc sabadell,2023-01-01,62312.793075368056,19316,253000000000,1594,143,1,1,0.09244532883167267,1.0,0,1,0,2%,0
banc sabadell,2023-01-01,62312.793075368056,19316,253000000000,1594,143,1,1,0.09244532883167267,4.0,0,1,0,2%,0
banc sabadell,2023-02-01,45136.357494715296,19316,253000000000,1594,143,1,1,0.08210784196853638,6.0,0,0,0,2%,0
banc sabadell,2023-02-01,45136.357494715296,19316,253000000000,1594,143,1,1,0.08210784196853638,4.0,1,0,0,2%,0
banc sabadell,2023-02-01,45136.357494715296,19316,253000000000,1594,143,1,1,0.08210784196853638,4.0,0,1,0,2%,0
banc sabadell,2023-02-01,45136.357494715296,19316,253000000000,1594,143,1,1,0.08210784196853638,6.0,0,1,0,2%,0
banc sabadell,2023-03-01,45176.84391601955,19316,253000000000,1594,143,1,1,0.0793522298336029,2.0,0,0,0,2%,0
banc sabadell,2023-03-01,45176.84391601955,19316,253000000000,1594,143,1,1,0.0793522298336029,2.0,1,0,0,2%,0
banc sabadell,2023-03-01,45176.84391601955,19316,253000000000,1594,143,1,1,0.0793522298336029,2.0,0,1,0,2%,0
banc sabadell,2023-03-01,45176.84391601955,19316,253000000000,1594,143,1,1,0.0793522298336029,7.0,0,1,0,2%,0
banc sabadell,2023-04-01,31605.25034550236,19316,253000000000,1594,143,1,1,0.0813528299331665,7.0,0,0,250,2%,0
banc sabadell,2023-04-01,31605.25034550236,19316,253000000000,1594,143,1,1,0.0813528299331665,7.0,1,0,250,2%,0
banc sabadell,2023-04-01,31605.25034550236,19316,253000000000,1594,143,1,1,0.0813528299331665,7.0,0,1,250,2%,0
banc sabadell,2023-04-01,31605.25034550236,19316,253000000000,1594,143,1,1,0.0813528299331665,7.0,0,1,250,2%,0
banc sabadell,2023-05-01,40352.96900686287,19316,253000000000,1594,143,1,1,0.07748538255691528,7.0,0,0,250,2%,0
banc sabadell,2023-05-01,40352.96900686287,19316,253000000000,1594,143,1,1,0.07748538255691528,7.0,1,0,250,2%,0
banc sabadell,2023-05-01,40352.96900686287,19316,253000000000,1594,143,1,1,0.07748538255691528,7.0,0,1,250,2%,0
banc sabadell,2023-05-01,40352.96900686287,19316,253000000000,1594,143,1,1,0.07748538255691528,7.0,0,1,250,2%,0
banc sabadell,2023-06-01,35514.73489812541,19316,253000000000,1594,143,1,1,0.08195211738348007,7.0,0,0,250,2%,0
banc sabadell,2023-06-01,35514.73489812541,19316,253000000000,1594,143,1,1,0.08195211738348007,7.0,1,0,250,2%,0
banc sabadell,2023-06-01,35514.73489812541,19316,253000000000,1594,143,1,1,0.08195211738348007,7.0,0,1,250,2%,0
banc sabadell,2023-06-01,35514.73489812541,19316,253000000000,1594,143,1,1,0.08195211738348007,7.0,0,1,250,2%,0
banc sabadell,2023-07-01,21331.91578388771,19316,253000000000,1594,143,1,1,0.0917622521519661,2.0,0,0,250,2%,0
banc sabadell,2023-07-01,21331.91578388771,19316,253000000000,1594,143,1,1,0.0917622521519661,1.0,1,0,250,2%,0
banc sabadell,2023-07-01,21331.91578388771,19316,253000000000,1594,143,1,1,0.0917622521519661,1.0,0,1,250,2%,0
banc sabadell,2023-07-01,21331.91578388771,19316,253000000000,1594,143,1,1,0.0917622521519661,7.0,0,1,250,2%,0
banc sabadell,2023-08-01,18200.440263664634,19316,253000000000,1594,143,1,1,0.09285714477300644,1.0,0,0,250,2%,0
banc sabadell,2023-08-01,18200.440263664634,19316,253000000000,1594,143,1,1,0.09285714477300644,1.0,1,0,250,2%,0
banc sabadell,2023-08-01,18200.440263664634,19316,253000000000,1594,143,1,1,0.09285714477300644,1.0,0,1,250,2%,0
banc sabadell,2023-08-01,18200.440263664634,19316,253000000000,1594,143,1,1,0.09285714477300644,8.0,0,1,250,2%,0
banc sabadell,2023-09-01,11592.195403930802,19316,253000000000,1594,143,1,1,0.08618784695863724,8.0,0,0,250,2%,0
banc sabadell,2023-09-01,11592.195403930802,19316,253000000000,1594,143,1,1,0.08618784695863724,8.0,1,0,250,2%,0
banc sabadell,2023-09-01,11592.195403930802,19316,253000000000,1594,143,1,1,0.08618784695863724,8.0,0,1,250,2%,0
banc sabadell,2023-09-01,11592.195403930802,19316,253000000000,1594,143,1,1,0.08618784695863724,8.0,0,1,250,2%,0
banc sabadell,2023-10-01,15965.007608487931,19316,253000000000,1594,143,1,1,0.09930069744586945,8.0,0,0,250,2%,0
banc sabadell,2023-10-01,15965.007608487931,19316,253000000000,1594,143,1,1,0.09930069744586945,8.0,1,0,250,2%,0
banc sabadell,2023-10-01,15965.007608487931,19316,253000000000,1594,143,1,1,0.09930069744586945,8.0,0,1,250,2%,0
banc sabadell,2023-10-01,15965.007608487931,19316,253000000000,1594,143,1,1,0.09930069744586945,8.0,0,1,250,2%,0
banc sabadell,2023-11-01,29518.772024870043,19316,253000000000,1594,143,1,1,0.0917431190609932,2.823529411764706,0,0,250,2%,0
banc sabadell,2023-11-01,29518.772024870043,19316,253000000000,1594,143,1,1,0.0917431190609932,1.0,1,0,250,2%,0
banc sabadell,2023-11-01,29518.772024870043,19316,253000000000,1594,143,1,1,0.0917431190609932,1.0,0,1,250,2%,0
banc sabadell,2023-11-01,29518.772024870043,19316,253000000000,1594,143,1,1,0.0917431190609932,1.0,0,1,250,2%,0
banc sabadell,2023-12-01,33315.90213484227,19316,253000000000,1594,143,1,1,0.1413881778717041,3.2580645161290325,0,0,250,2%,0
banc sabadell,2023-12-01,33315.90213484227,19316,253000000000,1594,143,1,1,0.1413881778717041,1.0,1,0,250,2%,0
banc sabadell,2023-12-01,33315.90213484227,19316,253000000000,1594,143,1,1,0.1413881778717041,1.0,0,1,250,2%,0
banc sabadell,2023-12-01,33315.90213484227,19316,253000000000,1594,143,1,1,0.1413881778717041,1.0,0,1,250,2%,0
ing,2021-12-01,24449.39365384191,60778,976000000000,1660,33,1,1,0.12085561454296112,2.0,0,0,250,2%,7
ing,2021-12-01,24449.39365384191,60778,976000000000,1660,33,1,1,0.12085561454296112,2.0,0,0,250,2%,7
ing,2021-12-01,24449.39365384191,60778,976000000000,1660,33,1,1,0.12085561454296112,2.0,1,0,250,2%,7
ing,2021-12-01,24449.39365384191,60778,976000000000,1660,33,1,1,0.12085561454296112,11.0,0,1,250,2%,7
ing,2021-12-01,24448.706785556056,60778,976000000000,1660,33,1,1,0.12085561454296112,2.0,0,0,250,2%,7
ing,2021-12-01,24448.706785556056,60778,976000000000,1660,33,1,1,0.12085561454296112,2.0,0,0,250,2%,7
ing,2021-12-01,24448.706785556056,60778,976000000000,1660,33,1,1,0.12085561454296112,2.0,1,0,250,2%,7
ing,2021-12-01,24448.706785556056,60778,976000000000,1660,33,1,1,0.12085561454296112,11.0,0,1,250,2%,7
ing,2022-01-01,24463.625736999373,60778,976000000000,1660,33,1,1,0.12127045542001724,2.0,0,0,250,2%,4
ing,2022-01-01,24463.625736999373,60778,976000000000,1660,33,1,1,0.12127045542001724,2.0,0,0,250,2%,4
ing,2022-01-01,24463.625736999373,60778,976000000000,1660,33,1,1,0.12127045542001724,2.0,1,0,250,2%,4
ing,2022-01-01,24463.625736999373,60778,976000000000,1660,33,1,1,0.12127045542001724,11.0,0,1,250,2%,4
ing,2022-01-01,24463.492621359983,60778,976000000000,1660,33,1,1,0.12127045542001724,2.0,0,0,250,2%,4
ing,2022-01-01,24463.492621359983,60778,976000000000,1660,33,1,1,0.12127045542001724,2.0,0,0,250,2%,4
ing,2022-01-01,24463.492621359983,60778,976000000000,1660,33,1,1,0.12127045542001724,2.0,1,0,250,2%,4
ing,2022-01-01,24463.492621359983,60778,976000000000,1660,33,1,1,0.12127045542001724,11.0,0,1,250,2%,4
ing,2022-02-01,24456.83945499643,60778,976000000000,1660,33,1,1,0.09860475361347198,2.0,0,0,250,2%,7
ing,2022-02-01,24456.83945499643,60778,976000000000,1660,33,1,1,0.09860475361347198,2.0,0,0,250,2%,7
ing,2022-02-01,24456.83945499643,60778,976000000000,1660,33,1,1,0.09860475361347198,2.0,1,0,250,2%,7
ing,2022-02-01,24456.83945499643,60778,976000000000,1660,33,1,1,0.09860475361347198,11.0,0,1,250,2%,7
ing,2022-02-01,24456.44166872823,60778,976000000000,1660,33,1,1,0.09860475361347198,2.0,0,0,250,2%,7
ing,2022-02-01,24456.44166872823,60778,976000000000,1660,33,1,1,0.09860475361347198,2.0,0,0,250,2%,7
ing,2022-02-01,24456.44166872823,60778,976000000000,1660,33,1,1,0.09860475361347198,2.0,1,0,250,2%,7
ing,2022-02-01,24456.44166872823,60778,976000000000,1660,33,1,1,0.09860475361347198,11.0,0,1,250,2%,7
ing,2022-03-01,24455.72583489321,60778,976000000000,1660,33,1,1,0.12055641412734985,11.0,0,0,250,2%,4
ing,2022-03-01,24455.72583489321,60778,976000000000,1660,33,1,1,0.12055641412734985,11.0,0,0,250,2%,4
ing,2022-03-01,24455.72583489321,60778,976000000000,1660,33,1,1,0.12055641412734985,11.0,1,0,250,2%,4
ing,2022-03-01,24455.72583489321,60778,976000000000,1660,33,1,1,0.12055641412734985,11.0,0,1,250,2%,4
ing,2022-03-01,24455.281024091462,60778,976000000000,1660,33,1,1,0.12055641412734985,11.0,0,0,250,2%,4
ing,2022-03-01,24455.281024091462,60778,976000000000,1660,33,1,1,0.12055641412734985,11.0,0,0,250,2%,4
ing,2022-03-01,24455.281024091462,60778,976000000000,1660,33,1,1,0.12055641412734985,11.0,1,0,250,2%,4
ing,2022-03-01,24455.281024091462,60778,976000000000,1660,33,1,1,0.12055641412734985,11.0,0,1,250,2%,4
ing,2022-04-01,24461.18450929176,60778,976000000000,1660,33,1,1,0.1145404651761055,11.0,0,0,250,2%,4
ing,2022-04-01,24461.18450929176,60778,976000000000,1660,33,1,1,0.1145404651761055,11.0,0,0,250,2%,4
ing,2022-04-01,24461.18450929176,60778,976000000000,1660,33,1,1,0.1145404651761055,11.0,1,0,250,2%,4
ing,2022-04-01,24461.18450929176,60778,976000000000,1660,33,1,1,0.1145404651761055,11.0,0,1,250,2%,4
ing,2022-04-01,24460.96276963499,60778,976000000000,1660,33,1,1,0.1145404651761055,11.0,0,0,250,2%,4
ing,2022-04-01,24460.96276963499,60778,976000000000,1660,33,1,1,0.1145404651761055,11.0,0,0,250,2%,4
ing,2022-04-01,24460.96276963499,60778,976000000000,1660,33,1,1,0.1145404651761055,11.0,1,0,250,2%,4
ing,2022-04-01,24460.96276963499,60778,976000000000,1660,33,1,1,0.1145404651761055,11.0,0,1,250,2%,4
ing,2022-05-01,24467.642359535534,60778,976000000000,1660,33,1,1,0.1273653507232666,2.0,0,0,250,2%,6
ing,2022-05-01,24467.642359535534,60778,976000000000,1660,33,1,1,0.1273653507232666,2.0,0,0,250,2%,6
ing,2022-05-01,24467.642359535534,60778,976000000000,1660,33,1,1,0.1273653507232666,1.0,1,0,250,2%,6
ing,2022-05-01,24467.642359535534,60778,976000000000,1660,33,1,1,0.1273653507232666,10.0,0,1,250,2%,6
ing,2022-05-01,24467.64235953552,60778,976000000000,1660,33,1,1,0.1273653507232666,2.0,0,0,250,2%,6
ing,2022-05-01,24467.64235953552,60778,976000000000,1660,33,1,1,0.1273653507232666,2.0,0,0,250,2%,6
ing,2022-05-01,24467.64235953552,60778,976000000000,1660,33,1,1,0.1273653507232666,1.0,1,0,250,2%,6
ing,2022-05-01,24467.64235953552,60778,976000000000,1660,33,1,1,0.1273653507232666,10.0,0,1,250,2%,6
ing,2022-06-01,24467.642359535326,60778,976000000000,1660,33,1,1,0.11343523859977722,1.0,0,0,250,2%,4
ing,2022-06-01,24467.642359535326,60778,976000000000,1660,33,1,1,0.11343523859977722,1.0,0,0,250,2%,4
ing,2022-06-01,24467.642359535326,60778,976000000000,1660,33,1,1,0.11343523859977722,3.0,1,0,250,2%,4
ing,2022-06-01,24467.642359535326,60778,976000000000,1660,33,1,1,0.11343523859977722,3.0,0,1,250,2%,4
ing,2022-06-01,24467.642359535348,60778,976000000000,1660,33,1,1,0.11343523859977722,1.0,0,0,250,2%,4
ing,2022-06-01,24467.642359535348,60778,976000000000,1660,33,1,1,0.11343523859977722,1.0,0,0,250,2%,4
ing,2022-06-01,24467.642359535348,60778,976000000000,1660,33,1,1,0.11343523859977722,3.0,1,0,250,2%,4
ing,2022-06-01,24467.642359535348,60778,976000000000,1660,33,1,1,0.11343523859977722,3.0,0,1,250,2%,4
ing,2022-07-01,22189.247827906474,60778,976000000000,1660,33,1,1,0.16841179132461548,1.0,0,0,250,2%,4
ing,2022-07-01,22189.247827906474,60778,976000000000,1660,33,1,1,0.16841179132461548,1.0,0,0,250,2%,4
ing,2022-07-01,22189.247827906474,60778,976000000000,1660,33,1,1,0.16841179132461548,1.0,1,0,250,2%,4
ing,2022-07-01,22189.247827906474,60778,976000000000,1660,33,1,1,0.16841179132461548,1.0,0,1,250,2%,4
ing,2022-07-01,22189.247827906474,60778,976000000000,1660,33,1,1,0.16841179132461548,1.0,0,0,250,2%,4
ing,2022-07-01,22189.247827906474,60778,976000000000,1660,33,1,1,0.16841179132461548,1.0,0,0,250,2%,4
ing,2022-07-01,22189.247827906474,60778,976000000000,1660,33,1,1,0.16841179132461548,1.0,1,0,250,2%,4
ing,2022-07-01,22189.247827906474,60778,976000000000,1660,33,1,1,0.16841179132461548,1.0,0,1,250,2%,4
ing,2022-08-01,29944.644101650792,60778,976000000000,1660,33,1,1,0.13247396051883698,1.0,0,0,250,2%,4
ing,2022-08-01,29944.644101650792,60778,976000000000,1660,33,1,1,0.13247396051883698,1.0,0,0,250,2%,4
ing,2022-08-01,29944.644101650792,60778,976000000000,1660,33,1,1,0.13247396051883698,1.0,1,0,250,2%,4
ing,2022-08-01,29944.644101650792,60778,976000000000,1660,33,1,1,0.13247396051883698,1.0,0,1,250,2%,4
ing,2022-08-01,29944.644101650792,60778,976000000000,1660,33,1,1,0.13247396051883698,1.0,0,0,250,2%,4
ing,2022-08-01,29944.644101650792,60778,976000000000,1660,33,1,1,0.13247396051883698,1.0,0,0,250,2%,4
ing,2022-08-01,29944.644101650792,60778,976000000000,1660,33,1,1,0.13247396051883698,1.0,1,0,250,2%,4
ing,2022-08-01,29944.644101650792,60778,976000000000,1660,33,1,1,0.13247396051883698,1.0,0,1,250,2%,4
ing,2022-09-01,50772.22105030252,60778,976000000000,1660,33,1,1,0.12566237151622772,1.0,0,0,250,2%,7
ing,2022-09-01,50772.22105030252,60778,976000000000,1660,33,1,1,0.12566237151622772,1.0,0,0,250,2%,7
ing,2022-09-01,50772.22105030252,60778,976000000000,1660,33,1,1,0.12566237151622772,1.0,1,0,250,2%,7
ing,2022-09-01,50772.22105030252,60778,976000000000,1660,33,1,1,0.12566237151622772,1.0,0,1,250,2%,7
ing,2022-09-01,50772.22105030252,60778,976000000000,1660,33,1,1,0.12566237151622772,1.0,0,0,250,2%,7
ing,2022-09-01,50772.22105030252,60778,976000000000,1660,33,1,1,0.12566237151622772,1.0,0,0,250,2%,7
ing,2022-09-01,50772.22105030252,60778,976000000000,1660,33,1,1,0.12566237151622772,1.0,1,0,250,2%,7
ing,2022-09-01,50772.22105030252,60778,976000000000,1660,33,1,1,0.12566237151622772,1.0,0,1,250,2%,7
ing,2022-10-01,37030.16800800749,60778,976000000000,1660,33,1,1,0.14478011429309845,1.0,0,0,250,2%,5
ing,2022-10-01,37030.16800800749,60778,976000000000,1660,33,1,1,0.14478011429309845,1.0,0,0,250,2%,5
ing,2022-10-01,37030.16800800749,60778,976000000000,1660,33,1,1,0.14478011429309845,1.0,1,0,250,2%,5
ing,2022-10-01,37030.16800800749,60778,976000000000,1660,33,1,1,0.14478011429309845,1.0,0,1,250,2%,5
ing,2022-10-01,37030.16800800749,60778,976000000000,1660,33,1,1,0.14478011429309845,1.0,0,0,250,2%,5
ing,2022-10-01,37030.16800800749,60778,976000000000,1660,33,1,1,0.14478011429309845,1.0,0,0,250,2%,5
ing,2022-10-01,37030.16800800749,60778,976000000000,1660,33,1,1,0.14478011429309845,1.0,1,0,250,2%,5
ing,2022-10-01,37030.16800800749,60778,976000000000,1660,33,1,1,0.14478011429309845,1.0,0,1,250,2%,5
ing,2022-11-01,26060.153790871776,60778,976000000000,1660,33,1,1,0.15818364918231964,2.0,0,0,250,2%,2
ing,2022-11-01,26060.153790871776,60778,976000000000,1660,33,1,1,0.15818364918231964,2.0,0,0,250,2%,2
ing,2022-11-01,26060.153790871776,60778,976000000000,1660,33,1,1,0.15818364918231964,2.0,1,0,250,2%,2
ing,2022-11-01,26060.153790871776,60778,976000000000,1660,33,1,1,0.15818364918231964,2.0,0,1,250,2%,2
ing,2022-11-01,26060.153790871776,60778,976000000000,1660,33,1,1,0.15818364918231964,2.0,0,0,250,2%,2
ing,2022-11-01,26060.153790871776,60778,976000000000,1660,33,1,1,0.15818364918231964,2.0,0,0,250,2%,2
ing,2022-11-01,26060.153790871776,60778,976000000000,1660,33,1,1,0.15818364918231964,2.0,1,0,250,2%,2
ing,2022-11-01,26060.153790871776,60778,976000000000,1660,33,1,1,0.15818364918231964,2.0,0,1,250,2%,2
ing,2022-12-01,27993.221192530156,60778,976000000000,1660,33,1,1,0.11671335250139236,6.0,0,0,250,2%,5
ing,2022-12-01,27993.221192530156,60778,976000000000,1660,33,1,1,0.11671335250139236,6.0,0,0,250,2%,5
ing,2022-12-01,27993.221192530156,60778,976000000000,1660,33,1,1,0.11671335250139236,6.0,1,0,250,2%,5
ing,2022-12-01,27993.221192530156,60778,976000000000,1660,33,1,1,0.11671335250139236,6.0,0,1,250,2%,5
ing,2022-12-01,27993.221192530156,60778,976000000000,1660,33,1,1,0.11671335250139236,6.0,0,0,250,2%,5
ing,2022-12-01,27993.221192530156,60778,976000000000,1660,33,1,1,0.11671335250139236,6.0,0,0,250,2%,5
ing,2022-12-01,27993.221192530156,60778,976000000000,1660,33,1,1,0.11671335250139236,6.0,1,0,250,2%,5
ing,2022-12-01,27993.221192530156,60778,976000000000,1660,33,1,1,0.11671335250139236,6.0,0,1,250,2%,5
ing,2023-01-01,27614.885810370062,60778,976000000000,1660,33,1,1,0.12023217231035233,6.0,0,0,250,2%,8
ing,2023-01-01,27614.885810370062,60778,976000000000,1660,33,1,1,0.12023217231035233,3.0,0,0,250,2%,8
ing,2023-01-01,27614.885810370062,60778,976000000000,1660,33,1,1,0.12023217231035233,6.0,1,0,250,2%,8
ing,2023-01-01,27614.885810370062,60778,976000000000,1660,33,1,1,0.12023217231035233,6.0,0,1,250,2%,8
ing,2023-01-01,27614.885810370062,60778,976000000000,1660,33,1,1,0.12023217231035233,6.0,0,0,250,2%,8
ing,2023-01-01,27614.885810370062,60778,976000000000,1660,33,1,1,0.12023217231035233,3.0,0,0,250,2%,8
ing,2023-01-01,27614.885810370062,60778,976000000000,1660,33,1,1,0.12023217231035233,6.0,1,0,250,2%,8
ing,2023-01-01,27614.885810370062,60778,976000000000,1660,33,1,1,0.12023217231035233,6.0,0,1,250,2%,8
ing,2023-02-01,26023.707736812856,60778,976000000000,1660,33,1,1,0.12237761914730072,6.0,0,0,250,2%,4
ing,2023-02-01,26023.707736812856,60778,976000000000,1660,33,1,1,0.12237761914730072,2.0,0,0,250,2%,4
ing,2023-02-01,26023.707736812856,60778,976000000000,1660,33,1,1,0.12237761914730072,6.0,1,0,250,2%,4
ing,2023-02-01,26023.707736812856,60778,976000000000,1660,33,1,1,0.12237761914730072,6.0,0,1,250,2%,4
ing,2023-02-01,26023.707736812856,60778,976000000000,1660,33,1,1,0.12237761914730072,6.0,0,0,250,2%,4
ing,2023-02-01,26023.707736812856,60778,976000000000,1660,33,1,1,0.12237761914730072,2.0,0,0,250,2%,4
ing,2023-02-01,26023.707736812856,60778,976000000000,1660,33,1,1,0.12237761914730072,6.0,1,0,250,2%,4
ing,2023-02-01,26023.707736812856,60778,976000000000,1660,33,1,1,0.12237761914730072,6.0,0,1,250,2%,4
ing,2023-03-01,20935.685508796298,60778,976000000000,1660,33,1,1,0.13126115500926971,6.0,0,0,250,2%,12
ing,2023-03-01,20935.685508796298,60778,976000000000,1660,33,1,1,0.13126115500926971,5.0,0,0,250,2%,12
ing,2023-03-01,20935.685508796298,60778,976000000000,1660,33,1,1,0.13126115500926971,8.0,1,0,250,2%,12
ing,2023-03-01,20935.685508796298,60778,976000000000,1660,33,1,1,0.13126115500926971,8.0,0,1,250,2%,12
ing,2023-03-01,20935.685508796298,60778,976000000000,1660,33,1,1,0.13126115500926971,8.0,0,0,250,2%,12
ing,2023-03-01,20935.685508796298,60778,976000000000,1660,33,1,1,0.13126115500926971,5.0,0,0,250,2%,12
ing,2023-03-01,20935.685508796298,60778,976000000000,1660,33,1,1,0.13126115500926971,8.0,1,0,250,2%,12
ing,2023-03-01,20935.685508796298,60778,976000000000,1660,33,1,1,0.13126115500926971,8.0,0,1,250,2%,12
ing,2023-04-01,17193.952740691508,60778,976000000000,1660,33,1,1,0.09421397745609283,8.0,0,0,250,2%,2
ing,2023-04-01,17193.952740691508,60778,976000000000,1660,33,1,1,0.09421397745609283,8.0,0,0,250,2%,2
ing,2023-04-01,17193.952740691508,60778,976000000000,1660,33,1,1,0.09421397745609283,8.0,1,0,250,2%,2
ing,2023-04-01,17193.952740691508,60778,976000000000,1660,33,1,1,0.09421397745609283,8.0,0,1,250,2%,2
ing,2023-04-01,17193.952740691508,60778,976000000000,1660,33,1,1,0.09421397745609283,8.0,0,0,250,2%,2
ing,2023-04-01,17193.952740691508,60778,976000000000,1660,33,1,1,0.09421397745609283,8.0,0,0,250,2%,2
ing,2023-04-01,17193.952740691508,60778,976000000000,1660,33,1,1,0.09421397745609283,8.0,1,0,250,2%,2
ing,2023-04-01,17193.952740691508,60778,976000000000,1660,33,1,1,0.09421397745609283,8.0,0,1,250,2%,2
ing,2023-05-01,19644.87222672516,60778,976000000000,1660,33,1,1,0.1874629408121109,8.0,0,0,250,2%,11
ing,2023-05-01,19644.87222672516,60778,976000000000,1660,33,1,1,0.1874629408121109,8.0,0,0,250,2%,11
ing,2023-05-01,19644.87222672516,60778,976000000000,1660,33,1,1,0.1874629408121109,8.0,1,0,250,2%,11
ing,2023-05-01,19644.87222672516,60778,976000000000,1660,33,1,1,0.1874629408121109,8.0,0,1,250,2%,11
ing,2023-05-01,19644.87222672516,60778,976000000000,1660,33,1,1,0.1874629408121109,8.0,0,0,250,2%,11
ing,2023-05-01,19644.87222672516,60778,976000000000,1660,33,1,1,0.1874629408121109,8.0,0,0,250,2%,11
ing,2023-05-01,19644.87222672516,60778,976000000000,1660,33,1,1,0.1874629408121109,8.0,1,0,250,2%,11
ing,2023-05-01,19644.87222672516,60778,976000000000,1660,33,1,1,0.1874629408121109,8.0,0,1,250,2%,11
ing,2023-06-01,17358.399171606405,60778,976000000000,1660,33,1,1,0.10717299580574036,8.0,0,0,250,2%,8
ing,2023-06-01,17358.399171606405,60778,976000000000,1660,33,1,1,0.10717299580574036,8.0,0,0,250,2%,8
ing,2023-06-01,17358.399171606405,60778,976000000000,1660,33,1,1,0.10717299580574036,8.0,1,0,250,2%,8
ing,2023-06-01,17358.399171606405,60778,976000000000,1660,33,1,1,0.10717299580574036,8.0,0,1,250,2%,8
ing,2023-06-01,17358.399171606405,60778,976000000000,1660,33,1,1,0.10717299580574036,8.0,0,0,250,2%,8
ing,2023-06-01,17358.399171606405,60778,976000000000,1660,33,1,1,0.10717299580574036,8.0,0,0,250,2%,8
ing,2023-06-01,17358.399171606405,60778,976000000000,1660,33,1,1,0.10717299580574036,8.0,1,0,250,2%,8
ing,2023-06-01,17358.399171606405,60778,976000000000,1660,33,1,1,0.10717299580574036,8.0,0,1,250,2%,8
ing,2023-07-01,26414.425930682966,60778,976000000000,1660,33,1,1,0.11843361705541611,8.0,0,0,250,2%,5
ing,2023-07-01,26414.425930682966,60778,976000000000,1660,33,1,1,0.11843361705541611,1.0,0,0,250,2%,5
ing,2023-07-01,26414.425930682966,60778,976000000000,1660,33,1,1,0.11843361705541611,6.0,1,0,250,2%,5
ing,2023-07-01,26414.425930682966,60778,976000000000,1660,33,1,1,0.11843361705541611,6.0,0,1,250,2%,5
ing,2023-07-01,26414.425930682966,60778,976000000000,1660,33,1,1,0.11843361705541611,6.0,0,0,250,2%,5
ing,2023-07-01,26414.425930682966,60778,976000000000,1660,33,1,1,0.11843361705541611,1.0,0,0,250,2%,5
ing,2023-07-01,26414.425930682966,60778,976000000000,1660,33,1,1,0.11843361705541611,6.0,1,0,250,2%,5
ing,2023-07-01,26414.425930682966,60778,976000000000,1660,33,1,1,0.11843361705541611,6.0,0,1,250,2%,5
ing,2023-08-01,18230.702829947855,60778,976000000000,1660,33,1,1,0.1325678527355194,6.0,0,0,250,2%,6
ing,2023-08-01,18230.702829947855,60778,976000000000,1660,33,1,1,0.1325678527355194,3.0,0,0,250,2%,6
ing,2023-08-01,18230.702829947855,60778,976000000000,1660,33,1,1,0.1325678527355194,6.0,1,0,250,2%,6
ing,2023-08-01,18230.702829947855,60778,976000000000,1660,33,1,1,0.1325678527355194,6.0,0,1,250,2%,6
ing,2023-08-01,18230.702829947855,60778,976000000000,1660,33,1,1,0.1325678527355194,6.0,0,0,250,2%,6
ing,2023-08-01,18230.702829947855,60778,976000000000,1660,33,1,1,0.1325678527355194,3.0,0,0,250,2%,6
ing,2023-08-01,18230.702829947855,60778,976000000000,1660,33,1,1,0.1325678527355194,6.0,1,0,250,2%,6
ing,2023-08-01,18230.702829947855,60778,976000000000,1660,33,1,1,0.1325678527355194,6.0,0,1,250,2%,6
ing,2023-09-01,20531.783912986426,60778,976000000000,1660,33,1,1,0.14758063852787018,6.0,0,0,250,2%,8
ing,2023-09-01,20531.783912986426,60778,976000000000,1660,33,1,1,0.14758063852787018,6.0,0,0,250,2%,8
ing,2023-09-01,20531.783912986426,60778,976000000000,1660,33,1,1,0.14758063852787018,6.0,1,0,250,2%,8
ing,2023-09-01,20531.783912986426,60778,976000000000,1660,33,1,1,0.14758063852787018,6.0,0,1,250,2%,8
ing,2023-09-01,20531.783912986426,60778,976000000000,1660,33,1,1,0.14758063852787018,6.0,0,0,250,2%,8
ing,2023-09-01,20531.783912986426,60778,976000000000,1660,33,1,1,0.14758063852787018,6.0,0,0,250,2%,8
ing,2023-09-01,20531.783912986426,60778,976000000000,1660,33,1,1,0.14758063852787018,6.0,1,0,250,2%,8
ing,2023-09-01,20531.783912986426,60778,976000000000,1660,33,1,1,0.14758063852787018,6.0,0,1,250,2%,8
ing,2023-10-01,17299.21395490016,60778,976000000000,1660,33,1,1,0.126379132270813,6.0,0,0,250,2%,9
ing,2023-10-01,17299.21395490016,60778,976000000000,1660,33,1,1,0.126379132270813,6.0,0,0,250,2%,9
ing,2023-10-01,17299.21395490016,60778,976000000000,1660,33,1,1,0.126379132270813,6.0,1,0,250,2%,9
ing,2023-10-01,17299.21395490016,60778,976000000000,1660,33,1,1,0.126379132270813,6.0,0,1,250,2%,9
ing,2023-10-01,17299.21395490016,60778,976000000000,1660,33,1,1,0.126379132270813,6.0,0,0,250,2%,9
ing,2023-10-01,17299.21395490016,60778,976000000000,1660,33,1,1,0.126379132270813,6.0,0,0,250,2%,9
ing,2023-10-01,17299.21395490016,60778,976000000000,1660,33,1,1,0.126379132270813,6.0,1,0,250,2%,9
ing,2023-10-01,17299.21395490016,60778,976000000000,1660,33,1,1,0.126379132270813,6.0,0,1,250,2%,9
ing,2023-11-01,21210.030797498937,60778,976000000000,1660,33,1,1,0.11907810717821121,6.0,0,0,250,2%,13
ing,2023-11-01,21210.030797498937,60778,976000000000,1660,33,1,1,0.11907810717821121,4.823529411764706,0,0,250,2%,13
ing,2023-11-01,21210.030797498937,60778,976000000000,1660,33,1,1,0.11907810717821121,7.0,1,0,250,2%,13
ing,2023-11-01,21210.030797498937,60778,976000000000,1660,33,1,1,0.11907810717821121,7.0,0,1,250,2%,13
ing,2023-11-01,21210.030797498937,60778,976000000000,1660,33,1,1,0.11907810717821121,7.0,0,0,250,2%,13
ing,2023-11-01,21210.030797498937,60778,976000000000,1660,33,1,1,0.11907810717821121,4.823529411764706,0,0,250,2%,13
ing,2023-11-01,21210.030797498937,60778,976000000000,1660,33,1,1,0.11907810717821121,7.0,1,0,250,2%,13
ing,2023-11-01,21210.030797498937,60778,976000000000,1660,33,1,1,0.11907810717821121,7.0,0,1,250,2%,13
ing,2023-12-01,13970.245879340026,60778,976000000000,1660,33,1,1,0.149920254945755,7.0,0,0,250,2%,5
ing,2023-12-01,13970.245879340026,60778,976000000000,1660,33,1,1,0.149920254945755,5.419354838709677,0,0,250,2%,5
ing,2023-12-01,13970.245879340026,60778,976000000000,1660,33,1,1,0.149920254945755,7.0,1,0,250,2%,5
ing,2023-12-01,13970.245879340026,60778,976000000000,1660,33,1,1,0.149920254945755,7.0,0,1,250,2%,5
ing,2023-12-01,13970.245879340026,60778,976000000000,1660,33,1,1,0.149920254945755,7.0,0,0,250,2%,5
ing,2023-12-01,13970.245879340026,60778,976000000000,1660,33,1,1,0.149920254945755,5.419354838709677,0,0,250,2%,5
ing,2023-12-01,13970.245879340026,60778,976000000000,1660,33,1,1,0.149920254945755,7.0,1,0,250,2%,5
ing,2023-12-01,13970.245879340026,60778,976000000000,1660,33,1,1,0.149920254945755,7.0,0,1,250,2%,5
bbva,2021-12-01,45449.48678651925,121486,775000000000,1800,167,1,1,0.19630709290504456,1.0,0,0,0,2%,4
bbva,2021-12-01,45449.48678651925,121486,775000000000,1800,167,1,1,0.19630709290504456,5.0,1,0,0,2%,4
bbva,2021-12-01,45449.48678651925,121486,775000000000,1800,167,1,1,0.19630709290504456,5.0,1,0,0,2%,4
bbva,2022-01-01,38306.46498262619,121486,775000000000,1800,167,1,1,0.170376718044281,1.0,0,0,0,2%,0
bbva,2022-01-01,38306.46498262619,121486,775000000000,1800,167,1,1,0.170376718044281,5.0,1,0,0,2%,0
bbva,2022-01-01,38306.46498262619,121486,775000000000,1800,167,1,1,0.170376718044281,5.0,1,0,0,2%,0
bbva,2022-02-01,40978.32582147534,121486,775000000000,1800,167,1,1,0.19253604114055634,1.0,0,0,0,2%,7
bbva,2022-02-01,40978.32582147534,121486,775000000000,1800,167,1,1,0.19253604114055634,6.0,1,0,0,2%,7
bbva,2022-02-01,40978.32582147534,121486,775000000000,1800,167,1,1,0.19253604114055634,6.0,1,0,0,2%,7
bbva,2022-03-01,43970.54562733648,121486,775000000000,1800,167,1,1,0.1749291718006134,6.0,0,0,0,2%,4
bbva,2022-03-01,43970.54562733648,121486,775000000000,1800,167,1,1,0.1749291718006134,6.0,1,0,0,2%,4
bbva,2022-03-01,43970.54562733648,121486,775000000000,1800,167,1,1,0.1749291718006134,6.0,1,0,0,2%,4
bbva,2022-04-01,40782.45195649115,121486,775000000000,1800,167,1,1,0.18148034811019897,6.0,0,0,0,2%,1
bbva,2022-04-01,40782.45195649115,121486,775000000000,1800,167,1,1,0.18148034811019897,6.0,1,0,0,2%,1
bbva,2022-04-01,40782.45195649115,121486,775000000000,1800,167,1,1,0.18148034811019897,6.0,1,0,0,2%,1
bbva,2022-05-01,44439.738816212455,121486,775000000000,1800,167,1,1,0.16087880730628967,1.0,0,0,0,2%,4
bbva,2022-05-01,44439.738816212455,121486,775000000000,1800,167,1,1,0.16087880730628967,4.0,1,0,0,2%,4
bbva,2022-05-01,44439.738816212455,121486,775000000000,1800,167,1,1,0.16087880730628967,4.0,1,0,0,2%,4
bbva,2022-06-01,29359.709637423897,121486,775000000000,1800,167,1,1,0.16944243013858795,8.0,0,0,0,2%,1
bbva,2022-06-01,29359.709637423897,121486,775000000000,1800,167,1,1,0.16944243013858795,6.0,1,0,0,2%,1
bbva,2022-06-01,29359.709637423897,121486,775000000000,1800,167,1,1,0.16944243013858795,6.0,1,0,0,2%,1
bbva,2022-07-01,49115.26308520529,121486,775000000000,1800,167,1,1,0.17244072258472443,3.0,0,0,0,2%,2
bbva,2022-07-01,49115.26308520529,121486,775000000000,1800,167,1,1,0.17244072258472443,4.0,1,0,0,2%,2
bbva,2022-07-01,49115.26308520529,121486,775000000000,1800,167,1,1,0.17244072258472443,4.0,1,0,0,2%,2
bbva,2022-08-01,49005.118423851425,121486,775000000000,1800,167,1,1,0.1765841543674469,3.0,0,0,0,2%,2
bbva,2022-08-01,49005.118423851425,121486,775000000000,1800,167,1,1,0.1765841543674469,7.0,1,0,0,2%,2
bbva,2022-08-01,49005.118423851425,121486,775000000000,1800,167,1,1,0.1765841543674469,7.0,1,0,0,2%,2
bbva,2022-09-01,36922.65566335172,121486,775000000000,1800,167,1,1,0.17516979575157166,3.0,0,0,0,2%,2
bbva,2022-09-01,36922.65566335172,121486,775000000000,1800,167,1,1,0.17516979575157166,7.0,1,0,0,2%,2
bbva,2022-09-01,36922.65566335172,121486,775000000000,1800,167,1,1,0.17516979575157166,7.0,1,0,0,2%,2
bbva,2022-10-01,44828.37266305573,121486,775000000000,1800,167,1,1,0.16692215204238892,7.0,0,0,0,2%,1
bbva,2022-10-01,44828.37266305573,121486,775000000000,1800,167,1,1,0.16692215204238892,7.0,1,0,0,2%,1
bbva,2022-10-01,44828.37266305573,121486,775000000000,1800,167,1,1,0.16692215204238892,7.0,1,0,0,2%,1
bbva,2022-11-01,36501.59166682821,121486,775000000000,1800,167,1,1,0.17815004289150238,3.0,0,0,0,2%,0
bbva,2022-11-01,36501.59166682821,121486,775000000000,1800,167,1,1,0.17815004289150238,3.0,1,0,0,2%,0
bbva,2022-11-01,36501.59166682821,121486,775000000000,1800,167,1,1,0.17815004289150238,3.0,1,0,0,2%,0
bbva,2022-12-01,41612.02886947374,121486,775000000000,1800,167,1,1,0.19705095887184143,3.0,0,0,0,2%,0
bbva,2022-12-01,41612.02886947374,121486,775000000000,1800,167,1,1,0.19705095887184143,3.0,1,0,0,2%,0
bbva,2022-12-01,41612.02886947374,121486,775000000000,1800,167,1,1,0.19705095887184143,3.0,1,0,0,2%,0
bbva,2023-01-01,35220.99341526684,121486,775000000000,1800,167,1,1,0.19027328491210938,5.0,0,0,0,2%,0
bbva,2023-01-01,35220.99341526684,121486,775000000000,1800,167,1,1,0.19027328491210938,4.0,1,0,0,2%,0
bbva,2023-01-01,35220.99341526684,121486,775000000000,1800,167,1,1,0.19027328491210938,4.0,1,0,0,2%,0
bbva,2023-02-01,27661.986096174864,121486,775000000000,1800,167,1,1,0.19265924394130707,5.0,0,0,0,2%,0
bbva,2023-02-01,27661.986096174864,121486,775000000000,1800,167,1,1,0.19265924394130707,2.0,1,0,0,2%,0
bbva,2023-02-01,27661.986096174864,121486,775000000000,1800,167,1,1,0.19265924394130707,2.0,1,0,0,2%,0
bbva,2023-03-01,29553.218455358994,121486,775000000000,1800,167,1,1,0.17390233278274536,6.0,0,0,0,2%,0
bbva,2023-03-01,29553.218455358994,121486,775000000000,1800,167,1,1,0.17390233278274536,5.0,1,0,0,2%,0
bbva,2023-03-01,29553.218455358994,121486,775000000000,1800,167,1,1,0.17390233278274536,5.0,1,0,0,2%,0
bbva,2023-04-01,26776.530440562343,121486,775000000000,1800,167,1,1,0.15409022569656372,5.0,0,0,0,2%,3
bbva,2023-04-01,26776.530440562343,121486,775000000000,1800,167,1,1,0.15409022569656372,5.0,1,0,0,2%,3
bbva,2023-04-01,26776.530440562343,121486,775000000000,1800,167,1,1,0.15409022569656372,5.0,1,0,0,2%,3
bbva,2023-05-01,33327.4916768354,121486,775000000000,1800,167,1,1,0.17768871784210205,5.0,0,0,0,2%,3
bbva,2023-05-01,33327.4916768354,121486,775000000000,1800,167,1,1,0.17768871784210205,5.0,1,0,0,2%,3
bbva,2023-05-01,33327.4916768354,121486,775000000000,1800,167,1,1,0.17768871784210205,5.0,1,0,0,2%,3
bbva,2023-06-01,33102.53835861683,121486,775000000000,1800,167,1,1,0.17421874403953552,5.0,0,0,0,2%,1
bbva,2023-06-01,33102.53835861683,121486,775000000000,1800,167,1,1,0.17421874403953552,5.0,1,0,0,2%,1
bbva,2023-06-01,33102.53835861683,121486,775000000000,1800,167,1,1,0.17421874403953552,5.0,1,0,0,2%,1
bbva,2023-07-01,40004.97373618931,121486,775000000000,1800,167,1,1,0.19150857627391815,4.0,0,0,0,2%,1
bbva,2023-07-01,40004.97373618931,121486,775000000000,1800,167,1,1,0.19150857627391815,4.0,1,0,0,2%,1
bbva,2023-07-01,40004.97373618931,121486,775000000000,1800,167,1,1,0.19150857627391815,4.0,1,0,0,2%,1
bbva,2023-08-01,33688.124526660344,121486,775000000000,1800,167,1,1,0.16384181380271912,6.0,0,0,0,2%,1
bbva,2023-08-01,33688.124526660344,121486,775000000000,1800,167,1,1,0.16384181380271912,4.0,1,0,0,2%,1
bbva,2023-08-01,33688.124526660344,121486,775000000000,1800,167,1,1,0.16384181380271912,4.0,1,0,0,2%,1
bbva,2023-09-01,102540.47752089261,121486,775000000000,1800,167,1,1,0.19230769574642181,4.0,0,0,0,2%,2
bbva,2023-09-01,102540.47752089261,121486,775000000000,1800,167,1,1,0.19230769574642181,4.0,1,0,0,2%,2
bbva,2023-09-01,102540.47752089261,121486,775000000000,1800,167,1,1,0.19230769574642181,4.0,1,0,0,2%,2
bbva,2023-10-01,26425.57645595719,121486,775000000000,1800,167,1,1,0.1901608258485794,4.0,0,0,0,2%,3
bbva,2023-10-01,26425.57645595719,121486,775000000000,1800,167,1,1,0.1901608258485794,4.0,1,0,0,2%,3
bbva,2023-10-01,26425.57645595719,121486,775000000000,1800,167,1,1,0.1901608258485794,4.0,1,0,0,2%,3
bbva,2023-11-01,32849.23293514365,121486,775000000000,1800,167,1,1,0.18089887499809265,4.176470588235294,0,0,0,2%,4
bbva,2023-11-01,32849.23293514365,121486,775000000000,1800,167,1,1,0.18089887499809265,4.176470588235294,0,0,0,2%,4
bbva,2023-11-01,32849.23293514365,121486,775000000000,1800,167,1,1,0.18089887499809265,4.176470588235294,1,0,0,2%,4
bbva,2023-11-01,32849.23293514365,121486,775000000000,1800,167,1,1,0.18089887499809265,4.176470588235294,1,0,0,2%,4
bbva,2023-11-01,32849.23293514365,121486,775000000000,1800,167,1,1,0.18089887499809265,4.0,1,0,0,2%,4
bbva,2023-11-01,32849.23293514365,121486,775000000000,1800,167,1,1,0.18089887499809265,4.0,1,0,0,2%,4
bbva,2023-12-01,29659.949637098172,121486,775000000000,1800,167,1,1,0.18358831107616425,3.193548387096774,0,0,0,2%,1
bbva,2023-12-01,29659.949637098172,121486,775000000000,1800,167,1,1,0.18358831107616425,3.193548387096774,1,0,0,2%,1
bbva,2023-12-01,29659.949637098172,121486,775000000000,1800,167,1,1,0.18358831107616425,4.0,1,0,0,2%,1
revolut,2021-12-01,1343.4183275020612,7500,14000000000,0,9,0,0,0.0710059180855751,4.0,0,0,0,2%,0
revolut,2022-01-01,1531.016800629015,7500,14000000000,0,9,0,0,0.05279503017663956,4.0,0,0,0,2%,0
revolut,2022-02-01,1304.5912569955065,7500,14000000000,0,9,0,0,0.04901960864663124,4.0,0,0,0,2%,1
revolut,2022-03-01,1105.180575414742,7500,14000000000,0,9,0,0,0.05107526853680611,4.0,0,0,0,2%,1
revolut,2022-04-01,1020.9687131524569,7500,14000000000,0,9,0,0,0.04516938701272011,4.0,0,0,0,2%,0
revolut,2022-05-01,1648.2213654015507,7500,14000000000,0,9,0,0,0.0476190485060215,6.0,0,0,0,2%,0
revolut,2022-06-01,1261.1834025115638,7500,14000000000,0,9,0,0,0.05860113352537155,7.0,0,0,0,2%,0
revolut,2022-07-01,2692.5794530888957,7500,14000000000,0,9,0,0,0.0633397325873375,7.0,0,0,0,2%,0
revolut,2022-08-01,4602.381164147279,7500,14000000000,0,9,0,0,0.07761193811893463,9.0,0,0,0,2%,0
revolut,2022-09-01,9032.796517813407,7500,14000000000,0,9,0,0,0.0515873022377491,10.0,0,0,0,2%,1
revolut,2022-10-01,6463.124093192265,7500,14000000000,0,9,0,0,0.04738154634833336,10.0,0,0,0,2%,0
revolut,2022-11-01,8429.248465428038,7500,14000000000,0,9,0,0,0.06142506003379822,7.0,0,0,0,2%,0
revolut,2022-12-01,5686.426537295162,7500,14000000000,0,9,0,0,0.06040268391370773,7.0,0,0,0,2%,2
revolut,2023-01-01,7935.564101445778,7500,14000000000,0,9,0,0,0.046070460230112076,8.0,0,0,0,2%,0
revolut,2023-02-01,7681.633005270518,7500,14000000000,0,9,0,0,0.07239819318056107,8.0,0,0,0,2%,0
revolut,2023-03-01,6635.917039374039,7500,14000000000,0,9,0,0,0.05255023017525673,8.0,0,0,0,2%,0
revolut,2023-04-01,4491.217019181385,7500,14000000000,0,9,0,0,0.05223880708217621,8.0,0,0,0,2%,1
revolut,2023-05-01,6999.442780011702,7500,14000000000,0,9,0,0,0.056300267577171326,8.0,0,0,0,2%,1
revolut,2023-06-01,5608.260579251467,7500,14000000000,0,9,0,0,0.058139536529779434,8.0,0,0,0,2%,2
revolut,2023-07-01,9965.096829150581,7500,14000000000,0,9,0,0,0.07571801543235779,8.0,0,0,0,2%,1
revolut,2023-08-01,16445.37661086263,7500,14000000000,0,9,0,0,0.0780911073088646,7.0,0,0,0,2%,2
revolut,2023-09-01,9423.148002535894,7500,14000000000,0,9,0,0,0.06647399067878723,7.0,0,0,0,2%,1
revolut,2023-10-01,9094.833809237427,7500,14000000000,0,9,0,0,0.08503401279449463,7.0,0,0,0,2%,1
revolut,2023-11-01,7857.143495084002,7500,14000000000,0,9,0,0,0.07563025504350662,8.0,0,0,0,2%,0
revolut,2023-12-01,8700.515519822618,7500,14000000000,0,9,0,0,0.09968847036361694,7.580645161290323,0,0,0,2%,2
openbank,2021-12-01,15254.582227879433,1100,1117000000000,0,28,0,1,0.1282798796892166,6.0,0,0,0,2%,5
openbank,2021-12-01,15254.582227879433,1100,1117000000000,0,28,0,1,0.1282798796892166,3.0,1,0,0,2%,5
openbank,2021-12-01,15254.582227879433,1100,1117000000000,0,28,0,1,0.1282798796892166,3.0,0,1,0,2%,5
openbank,2022-01-01,17359.852957740786,1100,1117000000000,0,28,0,1,0.12762238085269928,6.0,0,0,0,2%,2
openbank,2022-01-01,17359.852957740786,1100,1117000000000,0,28,0,1,0.12762238085269928,3.0,1,0,0,2%,2
openbank,2022-01-01,17359.852957740786,1100,1117000000000,0,28,0,1,0.12762238085269928,3.0,0,1,0,2%,2
openbank,2022-02-01,16944.05469595422,1100,1117000000000,0,28,0,1,0.11739864945411682,6.0,0,0,0,2%,4
openbank,2022-02-01,16944.05469595422,1100,1117000000000,0,28,0,1,0.11739864945411682,3.0,1,0,0,2%,4
openbank,2022-02-01,16944.05469595422,1100,1117000000000,0,28,0,1,0.11739864945411682,3.0,0,1,0,2%,4
openbank,2022-03-01,16387.002852519057,1100,1117000000000,0,28,0,1,0.107581228017807,3.0,0,0,0,2%,5
openbank,2022-03-01,16387.002852519057,1100,1117000000000,0,28,0,1,0.107581228017807,3.0,1,0,0,2%,5
openbank,2022-03-01,16387.002852519057,1100,1117000000000,0,28,0,1,0.107581228017807,3.0,0,1,0,2%,5
openbank,2022-04-01,17414.866042179106,1100,1117000000000,0,28,0,1,0.1042523980140686,3.0,0,0,0,2%,0
openbank,2022-04-01,17414.866042179106,1100,1117000000000,0,28,0,1,0.1042523980140686,3.0,1,0,0,2%,0
openbank,2022-04-01,17414.866042179106,1100,1117000000000,0,28,0,1,0.1042523980140686,3.0,0,1,0,2%,0
openbank,2022-05-01,12540.812363543868,1100,1117000000000,0,28,0,1,0.11492536962032318,5.0,0,0,0,2%,5
openbank,2022-05-01,12540.812363543868,1100,1117000000000,0,28,0,1,0.11492536962032318,6.0,1,0,0,2%,5
openbank,2022-05-01,12540.812363543868,1100,1117000000000,0,28,0,1,0.11492536962032318,2.0,0,1,0,2%,5
openbank,2022-06-01,16505.499592440774,1100,1117000000000,0,28,0,1,0.10400616377592087,5.0,0,0,0,2%,0
openbank,2022-06-01,16505.499592440774,1100,1117000000000,0,28,0,1,0.10400616377592087,5.0,1,0,0,2%,0
openbank,2022-06-01,16505.499592440774,1100,1117000000000,0,28,0,1,0.10400616377592087,3.0,0,1,0,2%,0
openbank,2022-07-01,18092.837331292547,1100,1117000000000,0,28,0,1,0.11993416398763657,4.0,0,0,0,2%,1
openbank,2022-07-01,18092.837331292547,1100,1117000000000,0,28,0,1,0.11993416398763657,5.0,1,0,0,2%,1
openbank,2022-07-01,18092.837331292547,1100,1117000000000,0,28,0,1,0.11993416398763657,3.0,0,1,0,2%,1
openbank,2022-08-01,17800.66743773906,1100,1117000000000,0,28,0,1,0.11332634091377258,4.0,0,0,0,2%,4
openbank,2022-08-01,17800.66743773906,1100,1117000000000,0,28,0,1,0.11332634091377258,2.0,1,0,0,2%,4
openbank,2022-08-01,17800.66743773906,1100,1117000000000,0,28,0,1,0.11332634091377258,3.0,0,1,0,2%,4
openbank,2022-09-01,18473.274511118834,1100,1117000000000,0,28,0,1,0.09742790460586548,8.0,0,0,0,2%,1
openbank,2022-09-01,18473.274511118834,1100,1117000000000,0,28,0,1,0.09742790460586548,2.0,1,0,0,2%,1
openbank,2022-09-01,18473.274511118834,1100,1117000000000,0,28,0,1,0.09742790460586548,3.0,0,1,0,2%,1
openbank,2022-10-01,11038.006484230973,1100,1117000000000,0,28,0,1,0.095563143491745,3.0,0,0,0,2%,4
openbank,2022-10-01,11038.006484230973,1100,1117000000000,0,28,0,1,0.095563143491745,3.0,1,0,0,2%,4
openbank,2022-10-01,11038.006484230973,1100,1117000000000,0,28,0,1,0.095563143491745,3.0,0,1,0,2%,4
openbank,2022-11-01,11530.562132413075,1100,1117000000000,0,28,0,1,0.10619468986988068,5.0,0,0,0,2%,4
openbank,2022-11-01,11530.562132413075,1100,1117000000000,0,28,0,1,0.10619468986988068,5.0,1,0,0,2%,4
openbank,2022-11-01,11530.562132413075,1100,1117000000000,0,28,0,1,0.10619468986988068,3.0,0,1,0,2%,4
openbank,2022-12-01,28515.85419262995,1100,1117000000000,0,28,0,1,0.11189515888690948,4.0,0,0,0,2%,4
openbank,2022-12-01,28515.85419262995,1100,1117000000000,0,28,0,1,0.11189515888690948,4.0,1,0,0,2%,4
openbank,2022-12-01,28515.85419262995,1100,1117000000000,0,28,0,1,0.11189515888690948,3.0,0,1,0,2%,4
openbank,2023-01-01,24494.214875132067,1100,1117000000000,0,28,0,1,0.11426255851984024,7.0,0,0,0,2%,2
openbank,2023-01-01,24494.214875132067,1100,1117000000000,0,28,0,1,0.11426255851984024,7.0,1,0,0,2%,2
openbank,2023-01-01,24494.214875132067,1100,1117000000000,0,28,0,1,0.11426255851984024,3.0,0,1,0,2%,2
openbank,2023-02-01,6808.164100967604,1100,1117000000000,0,28,0,1,0.10843373835086823,3.0,0,0,0,2%,4
openbank,2023-02-01,6808.164100967604,1100,1117000000000,0,28,0,1,0.10843373835086823,5.0,1,0,0,2%,4
openbank,2023-02-01,6808.164100967604,1100,1117000000000,0,28,0,1,0.10843373835086823,5.0,0,1,0,2%,4
openbank,2023-03-01,22470.826102761795,1100,1117000000000,0,28,0,1,0.12189202010631561,7.0,0,0,0,2%,9
openbank,2023-03-01,22470.826102761795,1100,1117000000000,0,28,0,1,0.12189202010631561,6.0,1,0,0,2%,9
openbank,2023-03-01,22470.826102761795,1100,1117000000000,0,28,0,1,0.12189202010631561,1.0,0,1,0,2%,9
openbank,2023-04-01,16055.428829553155,1100,1117000000000,0,28,0,1,0.11354420334100723,1.0,0,0,0,2%,1
openbank,2023-04-01,16055.428829553155,1100,1117000000000,0,28,0,1,0.11354420334100723,1.0,1,0,0,2%,1
openbank,2023-04-01,16055.428829553155,1100,1117000000000,0,28,0,1,0.11354420334100723,1.0,0,1,0,2%,1
openbank,2023-05-01,20648.96254158443,1100,1117000000000,0,28,0,1,0.1494923233985901,1.0,0,0,0,2%,3
openbank,2023-05-01,20648.96254158443,1100,1117000000000,0,28,0,1,0.1494923233985901,1.0,1,0,0,2%,3
openbank,2023-05-01,20648.96254158443,1100,1117000000000,0,28,0,1,0.1494923233985901,1.0,0,1,0,2%,3
openbank,2023-06-01,17035.047467547898,1100,1117000000000,0,28,0,1,0.11706512421369553,1.0,0,0,0,2%,3
openbank,2023-06-01,17035.047467547898,1100,1117000000000,0,28,0,1,0.11706512421369553,1.0,1,0,0,2%,3
openbank,2023-06-01,17035.047467547898,1100,1117000000000,0,28,0,1,0.11706512421369553,1.0,0,1,0,2%,3
openbank,2023-07-01,19151.87148367556,1100,1117000000000,0,28,0,1,0.13167938590049744,3.0,0,0,0,2%,4
openbank,2023-07-01,19151.87148367556,1100,1117000000000,0,28,0,1,0.13167938590049744,3.0,1,0,0,2%,4
openbank,2023-07-01,19151.87148367556,1100,1117000000000,0,28,0,1,0.13167938590049744,1.0,0,1,0,2%,4
openbank,2023-08-01,11585.968429359173,1100,1117000000000,0,28,0,1,0.14761905372142792,2.0,0,0,0,2%,2
openbank,2023-08-01,11585.968429359173,1100,1117000000000,0,28,0,1,0.14761905372142792,2.0,1,0,0,2%,2
openbank,2023-08-01,11585.968429359173,1100,1117000000000,0,28,0,1,0.14761905372142792,1.0,0,1,0,2%,2
openbank,2023-09-01,8604.217514977208,1100,1117000000000,0,28,0,1,0.13172252476215363,1.0,0,0,0,2%,3
openbank,2023-09-01,8604.217514977208,1100,1117000000000,0,28,0,1,0.13172252476215363,1.0,1,0,0,2%,3
openbank,2023-09-01,8604.217514977208,1100,1117000000000,0,28,0,1,0.13172252476215363,1.0,0,1,0,2%,3
openbank,2023-10-01,11373.377131753588,1100,1117000000000,0,28,0,1,0.10647181421518326,1.0,0,0,0,2%,5
openbank,2023-10-01,11373.377131753588,1100,1117000000000,0,28,0,1,0.10647181421518326,1.0,1,0,0,2%,5
openbank,2023-10-01,11373.377131753588,1100,1117000000000,0,28,0,1,0.10647181421518326,1.0,0,1,0,2%,5
openbank,2023-11-01,10553.927787335704,1100,1117000000000,0,28,0,1,0.12666666507720947,2.7058823529411766,0,0,0,2%,4
openbank,2023-11-01,10553.927787335704,1100,1117000000000,0,28,0,1,0.12666666507720947,2.7058823529411766,1,0,0,2%,4
openbank,2023-11-01,10553.927787335704,1100,1117000000000,0,28,0,1,0.12666666507720947,1.0,0,1,0,2%,4
openbank,2023-12-01,24651.811837706096,1100,1117000000000,0,28,0,1,0.13971742987632751,2.161290322580645,0,0,0,2%,4
openbank,2023-12-01,24651.811837706096,1100,1117000000000,0,28,0,1,0.13971742987632751,2.161290322580645,1,0,0,2%,4
openbank,2023-12-01,24651.811837706096,1100,1117000000000,0,28,0,1,0.13971742987632751,1.0,0,1,0,2%,4
myinvestor,2021-12-01,5319.608622705422,60,4000000000,0,7,0,0,0.06832297891378403,5.0,0,1,0,2%,2
myinvestor,2022-01-01,6577.851993048615,60,4000000000,0,7,0,0,0.06711409240961075,5.0,0,1,0,2%,2
myinvestor,2022-02-01,4031.716960163975,60,4000000000,0,7,0,0,0.04973822087049484,5.0,0,1,0,2%,2
myinvestor,2022-03-01,4941.009311037862,60,4000000000,0,7,0,0,0.05906040221452713,5.0,0,1,0,2%,2
myinvestor,2022-04-01,5774.73445521747,60,4000000000,0,7,0,0,0.05010438337922096,5.0,0,1,0,2%,2
myinvestor,2022-05-01,4701.67615195101,60,4000000000,0,7,0,0,0.050264548510313034,4.0,0,1,0,2%,0
myinvestor,2022-06-01,3743.6978269564174,60,4000000000,0,7,0,0,0.04216867312788963,4.0,0,1,0,2%,1
myinvestor,2022-07-01,8887.531979881833,60,4000000000,0,7,0,0,0.0494699664413929,4.0,0,1,0,2%,6
myinvestor,2022-08-01,6295.460706653864,60,4000000000,0,7,0,0,0.05089058354496956,6.0,0,1,0,2%,4
myinvestor,2022-09-01,6546.830235428043,60,4000000000,0,7,0,0,0.04538087546825409,6.0,0,1,0,2%,4
myinvestor,2022-10-01,7167.531538575914,60,4000000000,0,7,0,0,0.05783132463693619,6.0,0,1,0,2%,6
myinvestor,2022-11-01,6307.812017711763,60,4000000000,0,7,0,0,0.057245079427957535,8.0,0,1,0,2%,5
myinvestor,2022-12-01,7304.328761345544,60,4000000000,0,7,0,0,0.07518796622753143,7.0,0,1,0,2%,4
myinvestor,2023-01-01,8734.948773057473,60,4000000000,0,7,0,0,0.0517241396009922,8.0,0,1,0,2%,2
myinvestor,2023-02-01,19912.767403405633,60,4000000000,0,7,0,0,0.06617647409439087,7.0,0,1,0,2%,11
myinvestor,2023-03-01,17370.94663979311,60,4000000000,0,7,0,0,0.040662650018930435,10.0,0,1,0,2%,4
myinvestor,2023-04-01,11503.598498976402,60,4000000000,0,7,0,0,0.05088495463132858,10.0,0,1,0,2%,8
myinvestor,2023-05-01,8063.71476260001,60,4000000000,0,7,0,0,0.04940711334347725,10.0,0,1,0,2%,7
myinvestor,2023-06-01,11695.0782654102,60,4000000000,0,7,0,0,0.057544756680727005,10.0,0,1,0,2%,7
myinvestor,2023-07-01,9215.53662651582,60,4000000000,0,7,0,0,0.06465516984462738,10.0,0,1,0,2%,4
myinvestor,2023-08-01,10196.614426445682,60,4000000000,0,7,0,0,0.07939508557319641,10.0,0,1,0,2%,1
myinvestor,2023-09-01,15325.244152409185,60,4000000000,0,7,0,0,0.06410256773233414,10.0,0,1,0,2%,4
myinvestor,2023-10-01,13931.765275155927,60,4000000000,0,7,0,0,0.06941431760787964,10.0,0,1,0,2%,2
myinvestor,2023-11-01,12300.92091394445,60,4000000000,0,7,0,0,0.06535948067903519,10.0,0,1,0,2%,1
myinvestor,2023-12-01,13585.142358994319,60,4000000000,0,7,0,0,0.09615384787321091,10.0,0,1,0,2%,2
bankinter,2021-12-01,8733.56083469671,6138,83300000000,523,59,1,1,0.10576923191547394,3.0,0,0,250,2%,4
bankinter,2021-12-01,8733.56083469671,6138,83300000000,523,59,1,1,0.10576923191547394,1.0,1,0,250,2%,4
bankinter,2021-12-01,8733.56083469671,6138,83300000000,523,59,1,1,0.10576923191547394,1.0,0,1,250,2%,4
bankinter,2022-01-01,11410.593442735666,6138,83300000000,523,59,1,1,0.09418604522943497,3.0,0,0,250,2%,1
bankinter,2022-01-01,11410.593442735666,6138,83300000000,523,59,1,1,0.09418604522943497,1.0,1,0,250,2%,1
bankinter,2022-01-01,11410.593442735666,6138,83300000000,523,59,1,1,0.09418604522943497,1.0,0,1,250,2%,1
bankinter,2022-02-01,8891.661052867186,6138,83300000000,523,59,1,1,0.08308308571577072,3.0,0,0,250,2%,4
bankinter,2022-02-01,8891.661052867186,6138,83300000000,523,59,1,1,0.08308308571577072,1.0,1,0,250,2%,4
bankinter,2022-02-01,8891.661052867186,6138,83300000000,523,59,1,1,0.08308308571577072,1.0,0,1,250,2%,4
bankinter,2022-03-01,7446.9251437005205,6138,83300000000,523,59,1,1,0.08257638663053513,1.0,0,0,250,2%,2
bankinter,2022-03-01,7446.9251437005205,6138,83300000000,523,59,1,1,0.08257638663053513,1.0,1,0,250,2%,2
bankinter,2022-03-01,7446.9251437005205,6138,83300000000,523,59,1,1,0.08257638663053513,1.0,0,1,250,2%,2
bankinter,2022-04-01,10285.861726329063,6138,83300000000,523,59,1,1,0.10299234837293625,1.0,0,0,250,2%,2
bankinter,2022-04-01,10285.861726329063,6138,83300000000,523,59,1,1,0.10299234837293625,1.0,1,0,250,2%,2
bankinter,2022-04-01,10285.861726329063,6138,83300000000,523,59,1,1,0.10299234837293625,1.0,0,1,250,2%,2
bankinter,2022-05-01,5975.582249925638,6138,83300000000,523,59,1,1,0.09365558624267578,3.0,0,0,250,2%,4
bankinter,2022-05-01,5975.582249925638,6138,83300000000,523,59,1,1,0.09365558624267578,2.0,1,0,250,2%,4
bankinter,2022-05-01,5975.582249925638,6138,83300000000,523,59,1,1,0.09365558624267578,1.0,0,1,250,2%,4
bankinter,2022-06-01,7762.845174982507,6138,83300000000,523,59,1,1,0.11358452588319778,2.0,0,0,250,2%,1
bankinter,2022-06-01,7762.845174982507,6138,83300000000,523,59,1,1,0.11358452588319778,1.0,1,0,250,2%,1
bankinter,2022-06-01,7762.845174982507,6138,83300000000,523,59,1,1,0.11358452588319778,1.0,0,1,250,2%,1
bankinter,2022-07-01,6762.668090547939,6138,83300000000,523,59,1,1,0.08519437909126282,2.0,0,0,250,2%,2
bankinter,2022-07-01,6762.668090547939,6138,83300000000,523,59,1,1,0.08519437909126282,2.0,1,0,250,2%,2
bankinter,2022-07-01,6762.668090547939,6138,83300000000,523,59,1,1,0.08519437909126282,1.0,0,1,250,2%,2
bankinter,2022-08-01,5397.61571806962,6138,83300000000,523,59,1,1,0.09554140269756317,7.0,0,0,250,2%,0
bankinter,2022-08-01,5397.61571806962,6138,83300000000,523,59,1,1,0.09554140269756317,3.0,1,0,250,2%,0
bankinter,2022-08-01,5397.61571806962,6138,83300000000,523,59,1,1,0.09554140269756317,1.0,0,1,250,2%,0
bankinter,2022-09-01,8613.556577120236,6138,83300000000,523,59,1,1,0.10690423101186752,5.0,0,0,250,2%,1
bankinter,2022-09-01,8613.556577120236,6138,83300000000,523,59,1,1,0.10690423101186752,3.0,1,0,250,2%,1
bankinter,2022-09-01,8613.556577120236,6138,83300000000,523,59,1,1,0.10690423101186752,1.0,0,1,250,2%,1
bankinter,2022-10-01,9038.461163024074,6138,83300000000,523,59,1,1,0.09372453391551971,1.0,0,0,250,2%,0
bankinter,2022-10-01,9038.461163024074,6138,83300000000,523,59,1,1,0.09372453391551971,1.0,1,0,250,2%,0
bankinter,2022-10-01,9038.461163024074,6138,83300000000,523,59,1,1,0.09372453391551971,1.0,0,1,250,2%,0
bankinter,2022-11-01,13388.845768343379,6138,83300000000,523,59,1,1,0.09922347217798233,1.0,0,0,250,2%,0
bankinter,2022-11-01,13388.845768343379,6138,83300000000,523,59,1,1,0.09922347217798233,1.0,1,0,250,2%,0
bankinter,2022-11-01,13388.845768343379,6138,83300000000,523,59,1,1,0.09922347217798233,1.0,0,1,250,2%,0
bankinter,2022-12-01,6247.4198820247275,6138,83300000000,523,59,1,1,0.10951893776655197,1.0,0,0,250,2%,1
bankinter,2022-12-01,6247.4198820247275,6138,83300000000,523,59,1,1,0.10951893776655197,1.0,1,0,250,2%,1
bankinter,2022-12-01,6247.4198820247275,6138,83300000000,523,59,1,1,0.10951893776655197,1.0,0,1,250,2%,1
bankinter,2023-01-01,11173.980088579077,6138,83300000000,523,59,1,1,0.09036657959222794,1.0,0,0,250,2%,0
bankinter,2023-01-01,11173.980088579077,6138,83300000000,523,59,1,1,0.09036657959222794,1.0,1,0,250,2%,0
bankinter,2023-01-01,11173.980088579077,6138,83300000000,523,59,1,1,0.09036657959222794,1.0,0,1,250,2%,0
bankinter,2023-02-01,14400.977226220057,6138,83300000000,523,59,1,1,0.09603524208068848,1.0,0,0,250,2%,1
bankinter,2023-02-01,14400.977226220057,6138,83300000000,523,59,1,1,0.09603524208068848,1.0,1,0,250,2%,1
bankinter,2023-02-01,14400.977226220057,6138,83300000000,523,59,1,1,0.09603524208068848,4.0,0,1,250,2%,1
bankinter,2023-03-01,15987.257195924634,6138,83300000000,523,59,1,1,0.09806834906339645,4.0,0,0,250,2%,2
bankinter,2023-03-01,15987.257195924634,6138,83300000000,523,59,1,1,0.09806834906339645,4.0,1,0,250,2%,2
bankinter,2023-03-01,15987.257195924634,6138,83300000000,523,59,1,1,0.09806834906339645,5.0,0,1,250,2%,2
bankinter,2023-04-01,10308.194758669017,6138,83300000000,523,59,1,1,0.10813149064779282,5.0,0,0,250,2%,2
bankinter,2023-04-01,10308.194758669017,6138,83300000000,523,59,1,1,0.10813149064779282,5.0,1,0,250,2%,2
bankinter,2023-04-01,10308.194758669017,6138,83300000000,523,59,1,1,0.10813149064779282,5.0,0,1,250,2%,2
bankinter,2023-05-01,24378.839259055894,6138,83300000000,523,59,1,1,0.08206154406070709,5.0,0,0,250,2%,2
bankinter,2023-05-01,24378.839259055894,6138,83300000000,523,59,1,1,0.08206154406070709,5.0,1,0,250,2%,2
bankinter,2023-05-01,24378.839259055894,6138,83300000000,523,59,1,1,0.08206154406070709,5.0,0,1,250,2%,2
bankinter,2023-06-01,10733.464506580975,6138,83300000000,523,59,1,1,0.09327731281518936,5.0,0,0,250,2%,3
bankinter,2023-06-01,10733.464506580975,6138,83300000000,523,59,1,1,0.09327731281518936,5.0,1,0,250,2%,3
bankinter,2023-06-01,10733.464506580975,6138,83300000000,523,59,1,1,0.09327731281518936,5.0,0,1,250,2%,3
bankinter,2023-07-01,12473.692111833258,6138,83300000000,523,59,1,1,0.08196721225976944,5.0,0,0,0,2%,3
bankinter,2023-07-01,12473.692111833258,6138,83300000000,523,59,1,1,0.08196721225976944,5.0,1,0,0,2%,3
bankinter,2023-07-01,12473.692111833258,6138,83300000000,523,59,1,1,0.08196721225976944,3.0,0,1,0,2%,3
bankinter,2023-08-01,16491.783897844,6138,83300000000,523,59,1,1,0.10012210160493851,3.0,0,0,0,2%,0
bankinter,2023-08-01,16491.783897844,6138,83300000000,523,59,1,1,0.10012210160493851,3.0,1,0,0,2%,0
bankinter,2023-08-01,16491.783897844,6138,83300000000,523,59,1,1,0.10012210160493851,3.0,0,1,0,2%,0
bankinter,2023-09-01,14668.724298778588,6138,83300000000,523,59,1,1,0.09787233918905258,3.0,0,0,0,2%,0
bankinter,2023-09-01,14668.724298778588,6138,83300000000,523,59,1,1,0.09787233918905258,3.0,1,0,0,2%,0
bankinter,2023-09-01,14668.724298778588,6138,83300000000,523,59,1,1,0.09787233918905258,3.0,0,1,0,2%,0
bankinter,2023-10-01,16023.529139976768,6138,83300000000,523,59,1,1,0.0881316065788269,3.0,0,0,0,2%,3
bankinter,2023-10-01,16023.529139976768,6138,83300000000,523,59,1,1,0.0881316065788269,3.0,1,0,0,2%,3
bankinter,2023-10-01,16023.529139976768,6138,83300000000,523,59,1,1,0.0881316065788269,3.0,0,1,0,2%,3
bankinter,2023-11-01,10137.764259432939,6138,83300000000,523,59,1,1,0.10818713158369064,3.0,0,0,0,2%,2
bankinter,2023-11-01,10137.764259432939,6138,83300000000,523,59,1,1,0.10818713158369064,3.0,1,0,0,2%,2
bankinter,2023-11-01,10137.764259432939,6138,83300000000,523,59,1,1,0.10818713158369064,4.0,0,1,0,2%,2
bankinter,2023-12-01,8809.659637144894,6138,83300000000,523,59,1,1,0.11295180767774582,4.0,0,0,0,2%,1
bankinter,2023-12-01,8809.659637144894,6138,83300000000,523,59,1,1,0.11295180767774582,4.0,1,0,0,2%,1
bankinter,2023-12-01,8809.659637144894,6138,83300000000,523,59,1,1,0.11295180767774582,4.0,0,1,0,2%,1
evobanco,2021-12-01,5055.542563928903,200,7350000000,80,12,1,0,0.07981220632791519,4.0,0,0,0,2%,1
evobanco,2021-12-01,5055.542563928903,200,7350000000,80,12,1,0,0.07981220632791519,4.0,1,0,0,2%,1
evobanco,2021-12-01,5055.542563928903,200,7350000000,80,12,1,0,0.07981220632791519,4.0,0,1,0,2%,1
evobanco,2021-12-01,5055.542563928903,200,7350000000,80,12,1,0,0.07981220632791519,4.0,0,1,0,2%,1
evobanco,2022-01-01,4539.012047327285,200,7350000000,80,12,1,0,0.055327869951725006,4.0,0,0,0,2%,0
evobanco,2022-01-01,4539.012047327285,200,7350000000,80,12,1,0,0.055327869951725006,4.0,1,0,0,2%,0
evobanco,2022-01-01,4539.012047327285,200,7350000000,80,12,1,0,0.055327869951725006,4.0,0,1,0,2%,0
evobanco,2022-01-01,4539.012047327285,200,7350000000,80,12,1,0,0.055327869951725006,4.0,0,1,0,2%,0
evobanco,2022-02-01,6049.457904896492,200,7350000000,80,12,1,0,0.06747787445783615,4.0,0,0,0,2%,1
evobanco,2022-02-01,6049.457904896492,200,7350000000,80,12,1,0,0.06747787445783615,4.0,1,0,0,2%,1
evobanco,2022-02-01,6049.457904896492,200,7350000000,80,12,1,0,0.06747787445783615,4.0,0,1,0,2%,1
evobanco,2022-02-01,6049.457904896492,200,7350000000,80,12,1,0,0.06747787445783615,4.0,0,1,0,2%,1
evobanco,2022-03-01,9826.19360834962,200,7350000000,80,12,1,0,0.07547169923782349,4.0,0,0,0,2%,2
evobanco,2022-03-01,9826.19360834962,200,7350000000,80,12,1,0,0.07547169923782349,4.0,1,0,0,2%,2
evobanco,2022-03-01,9826.19360834962,200,7350000000,80,12,1,0,0.07547169923782349,4.0,0,1,0,2%,2
evobanco,2022-03-01,9826.19360834962,200,7350000000,80,12,1,0,0.07547169923782349,4.0,0,1,0,2%,2
evobanco,2022-04-01,5028.236253886188,200,7350000000,80,12,1,0,0.07214765250682831,4.0,0,0,0,2%,2
evobanco,2022-04-01,5028.236253886188,200,7350000000,80,12,1,0,0.07214765250682831,4.0,1,0,0,2%,2
evobanco,2022-04-01,5028.236253886188,200,7350000000,80,12,1,0,0.07214765250682831,4.0,0,1,0,2%,2
evobanco,2022-04-01,5028.236253886188,200,7350000000,80,12,1,0,0.07214765250682831,4.0,0,1,0,2%,2
evobanco,2022-05-01,6753.060528080503,200,7350000000,80,12,1,0,0.08377425372600555,4.0,0,0,0,2%,1
evobanco,2022-05-01,6753.060528080503,200,7350000000,80,12,1,0,0.08377425372600555,4.0,1,0,0,2%,1
evobanco,2022-05-01,6753.060528080503,200,7350000000,80,12,1,0,0.08377425372600555,4.0,0,1,0,2%,1
evobanco,2022-05-01,6753.060528080503,200,7350000000,80,12,1,0,0.08377425372600555,4.0,0,1,0,2%,1
evobanco,2022-06-01,5874.30001380048,200,7350000000,80,12,1,0,0.06982758641242981,3.0,0,0,0,2%,0
evobanco,2022-06-01,5874.30001380048,200,7350000000,80,12,1,0,0.06982758641242981,4.0,1,0,0,2%,0
evobanco,2022-06-01,5874.30001380048,200,7350000000,80,12,1,0,0.06982758641242981,4.0,0,1,0,2%,0
evobanco,2022-06-01,5874.30001380048,200,7350000000,80,12,1,0,0.06982758641242981,4.0,0,1,0,2%,0
evobanco,2022-07-01,2726.8682968029243,200,7350000000,80,12,1,0,0.06955530494451523,4.0,0,0,0,2%,1
evobanco,2022-07-01,2726.8682968029243,200,7350000000,80,12,1,0,0.06955530494451523,4.0,1,0,0,2%,1
evobanco,2022-07-01,2726.8682968029243,200,7350000000,80,12,1,0,0.06955530494451523,4.0,0,1,0,2%,1
evobanco,2022-07-01,2726.8682968029243,200,7350000000,80,12,1,0,0.06955530494451523,4.0,0,1,0,2%,1
evobanco,2022-08-01,5641.461710752132,200,7350000000,80,12,1,0,0.06495264172554016,4.0,0,0,0,2%,1
evobanco,2022-08-01,5641.461710752132,200,7350000000,80,12,1,0,0.06495264172554016,4.0,1,0,0,2%,1
evobanco,2022-08-01,5641.461710752132,200,7350000000,80,12,1,0,0.06495264172554016,4.0,0,1,0,2%,1
evobanco,2022-08-01,5641.461710752132,200,7350000000,80,12,1,0,0.06495264172554016,4.0,0,1,0,2%,1
evobanco,2022-09-01,4338.912964526001,200,7350000000,80,12,1,0,0.06060606241226196,7.0,0,0,0,2%,0
evobanco,2022-09-01,4338.912964526001,200,7350000000,80,12,1,0,0.06060606241226196,7.0,1,0,0,2%,0
evobanco,2022-09-01,4338.912964526001,200,7350000000,80,12,1,0,0.06060606241226196,4.0,0,1,0,2%,0
evobanco,2022-09-01,4338.912964526001,200,7350000000,80,12,1,0,0.06060606241226196,4.0,0,1,0,2%,0
evobanco,2022-10-01,4082.4316515533646,200,7350000000,80,12,1,0,0.059683311730623245,4.0,0,0,0,2%,1
evobanco,2022-10-01,4082.4316515533646,200,7350000000,80,12,1,0,0.059683311730623245,4.0,1,0,0,2%,1
evobanco,2022-10-01,4082.4316515533646,200,7350000000,80,12,1,0,0.059683311730623245,4.0,0,1,0,2%,1
evobanco,2022-10-01,4082.4316515533646,200,7350000000,80,12,1,0,0.059683311730623245,4.0,0,1,0,2%,1
evobanco,2022-11-01,6046.18054609565,200,7350000000,80,12,1,0,0.072592593729496,4.0,0,0,0,2%,1
evobanco,2022-11-01,6046.18054609565,200,7350000000,80,12,1,0,0.072592593729496,4.0,1,0,0,2%,1
evobanco,2022-11-01,6046.18054609565,200,7350000000,80,12,1,0,0.072592593729496,5.0,0,1,0,2%,1
evobanco,2022-11-01,6046.18054609565,200,7350000000,80,12,1,0,0.072592593729496,5.0,0,1,0,2%,1
evobanco,2022-12-01,4019.2405856585274,200,7350000000,80,12,1,0,0.07364340871572495,5.0,0,0,0,2%,0
evobanco,2022-12-01,4019.2405856585274,200,7350000000,80,12,1,0,0.07364340871572495,5.0,1,0,0,2%,0
evobanco,2022-12-01,4019.2405856585274,200,7350000000,80,12,1,0,0.07364340871572495,5.0,0,1,0,2%,0
evobanco,2022-12-01,4019.2405856585274,200,7350000000,80,12,1,0,0.07364340871572495,5.0,0,1,0,2%,0
evobanco,2023-01-01,4322.9666970501785,200,7350000000,80,12,1,0,0.06528189778327942,6.0,0,0,0,2%,0
evobanco,2023-01-01,4322.9666970501785,200,7350000000,80,12,1,0,0.06528189778327942,5.0,1,0,0,2%,0
evobanco,2023-01-01,4322.9666970501785,200,7350000000,80,12,1,0,0.06528189778327942,6.0,0,1,0,2%,0
evobanco,2023-01-01,4322.9666970501785,200,7350000000,80,12,1,0,0.06528189778327942,6.0,0,1,0,2%,0
evobanco,2023-02-01,6607.313703795276,200,7350000000,80,12,1,0,0.07985696941614151,7.0,0,0,0,2%,0
evobanco,2023-02-01,6607.313703795276,200,7350000000,80,12,1,0,0.07985696941614151,7.0,1,0,0,2%,0
evobanco,2023-02-01,6607.313703795276,200,7350000000,80,12,1,0,0.07985696941614151,7.0,0,1,0,2%,0
evobanco,2023-02-01,6607.313703795276,200,7350000000,80,12,1,0,0.07985696941614151,7.0,0,1,0,2%,0
evobanco,2023-03-01,4223.3848013347615,200,7350000000,80,12,1,0,0.0546875,3.0,0,0,0,2%,4
evobanco,2023-03-01,4223.3848013347615,200,7350000000,80,12,1,0,0.0546875,3.0,1,0,0,2%,4
evobanco,2023-03-01,4223.3848013347615,200,7350000000,80,12,1,0,0.0546875,3.0,0,1,0,2%,4
evobanco,2023-03-01,4223.3848013347615,200,7350000000,80,12,1,0,0.0546875,3.0,0,1,0,2%,4
evobanco,2023-04-01,7512.648131975472,200,7350000000,80,12,1,0,0.0597519725561142,3.0,0,0,0,2%,7
evobanco,2023-04-01,7512.648131975472,200,7350000000,80,12,1,0,0.0597519725561142,3.0,1,0,0,2%,7
evobanco,2023-04-01,7512.648131975472,200,7350000000,80,12,1,0,0.0597519725561142,3.0,0,1,0,2%,7
evobanco,2023-04-01,7512.648131975472,200,7350000000,80,12,1,0,0.0597519725561142,3.0,0,1,0,2%,7
evobanco,2023-05-01,9008.812031281263,200,7350000000,80,12,1,0,0.06538461893796921,3.0,0,0,0,2%,0
evobanco,2023-05-01,9008.812031281263,200,7350000000,80,12,1,0,0.06538461893796921,3.0,1,0,0,2%,0
evobanco,2023-05-01,9008.812031281263,200,7350000000,80,12,1,0,0.06538461893796921,3.0,0,1,0,2%,0
evobanco,2023-05-01,9008.812031281263,200,7350000000,80,12,1,0,0.06538461893796921,3.0,0,1,0,2%,0
evobanco,2023-06-01,12311.57811392023,200,7350000000,80,12,1,0,0.0634920671582222,3.0,0,0,0,2%,3
evobanco,2023-06-01,12311.57811392023,200,7350000000,80,12,1,0,0.0634920671582222,3.0,1,0,0,2%,3
evobanco,2023-06-01,12311.57811392023,200,7350000000,80,12,1,0,0.0634920671582222,3.0,0,1,0,2%,3
evobanco,2023-06-01,12311.57811392023,200,7350000000,80,12,1,0,0.0634920671582222,3.0,0,1,0,2%,3
evobanco,2023-07-01,7533.147002392063,200,7350000000,80,12,1,0,0.07006369531154633,5.0,0,0,0,2%,1
evobanco,2023-07-01,7533.147002392063,200,7350000000,80,12,1,0,0.07006369531154633,2.0,1,0,0,2%,1
evobanco,2023-07-01,7533.147002392063,200,7350000000,80,12,1,0,0.07006369531154633,2.0,0,1,0,2%,1
evobanco,2023-07-01,7533.147002392063,200,7350000000,80,12,1,0,0.07006369531154633,8.0,0,1,0,2%,1
evobanco,2023-08-01,8121.277500403561,200,7350000000,80,12,1,0,0.06827308982610703,8.0,0,0,0,2%,0
evobanco,2023-08-01,8121.277500403561,200,7350000000,80,12,1,0,0.06827308982610703,5.0,1,0,0,2%,0
evobanco,2023-08-01,8121.277500403561,200,7350000000,80,12,1,0,0.06827308982610703,5.0,0,1,0,2%,0
evobanco,2023-08-01,8121.277500403561,200,7350000000,80,12,1,0,0.06827308982610703,9.0,0,1,0,2%,0
evobanco,2023-09-01,9924.854621037495,200,7350000000,80,12,1,0,0.07426376640796661,9.0,0,0,0,2%,1
evobanco,2023-09-01,9924.854621037495,200,7350000000,80,12,1,0,0.07426376640796661,9.0,1,0,0,2%,1
evobanco,2023-09-01,9924.854621037495,200,7350000000,80,12,1,0,0.07426376640796661,9.0,0,1,0,2%,1
evobanco,2023-09-01,9924.854621037495,200,7350000000,80,12,1,0,0.07426376640796661,9.0,0,1,0,2%,1
evobanco,2023-10-01,10604.39206217207,200,7350000000,80,12,1,0,0.07531380653381348,9.0,0,0,0,2%,3
evobanco,2023-10-01,10604.39206217207,200,7350000000,80,12,1,0,0.07531380653381348,9.0,1,0,0,2%,3
evobanco,2023-10-01,10604.39206217207,200,7350000000,80,12,1,0,0.07531380653381348,9.0,0,1,0,2%,3
evobanco,2023-10-01,10604.39206217207,200,7350000000,80,12,1,0,0.07531380653381348,9.0,0,1,0,2%,3
evobanco,2023-11-01,9441.869500773428,200,7350000000,80,12,1,0,0.08252426981925964,7.0,0,0,0,2%,1
evobanco,2023-11-01,9441.869500773428,200,7350000000,80,12,1,0,0.08252426981925964,5.0,1,0,0,2%,1
evobanco,2023-11-01,9441.869500773428,200,7350000000,80,12,1,0,0.08252426981925964,5.0,0,1,0,2%,1
evobanco,2023-11-01,9441.869500773428,200,7350000000,80,12,1,0,0.08252426981925964,10.0,0,1,0,2%,1
evobanco,2023-12-01,10035.281182273045,200,7350000000,80,12,1,0,0.0882352963089943,7.419354838709677,0,0,0,2%,2
evobanco,2023-12-01,10035.281182273045,200,7350000000,80,12,1,0,0.0882352963089943,5.0,1,0,0,2%,2
evobanco,2023-12-01,10035.281182273045,200,7350000000,80,12,1,0,0.0882352963089943,5.0,0,1,0,2%,2
evobanco,2023-12-01,10035.281182273045,200,7350000000,80,12,1,0,0.0882352963089943,10.0,0,1,0,2%,2
santander,2021-12-01,22325.885970519714,212764,1117000000000,8518,167,1,1,0.11692307889461517,10.0,0,0,0,2%,5
santander,2021-12-01,22325.885970519714,212764,1117000000000,8518,167,1,1,0.11692307889461517,10.0,1,0,0,2%,5
santander,2022-01-01,28331.2450436668,212764,1117000000000,8518,167,1,1,0.10747185349464417,10.0,0,0,0,2%,2
santander,2022-01-01,28331.2450436668,212764,1117000000000,8518,167,1,1,0.10747185349464417,10.0,1,0,0,2%,2
santander,2022-02-01,23798.819170009858,212764,1117000000000,8518,167,1,1,0.11924342066049576,10.0,0,0,0,2%,0
santander,2022-02-01,23798.819170009858,212764,1117000000000,8518,167,1,1,0.11924342066049576,10.0,1,0,0,2%,0
santander,2022-03-01,24808.561729103767,212764,1117000000000,8518,167,1,1,0.11270801723003387,10.0,0,0,0,2%,1
santander,2022-03-01,24808.561729103767,212764,1117000000000,8518,167,1,1,0.11270801723003387,10.0,1,0,0,2%,1
santander,2022-04-01,24739.758728911518,212764,1117000000000,8518,167,1,1,0.12859195470809937,10.0,0,0,0,2%,1
santander,2022-04-01,24739.758728911518,212764,1117000000000,8518,167,1,1,0.12859195470809937,10.0,1,0,0,2%,1
santander,2022-05-01,37041.514189187285,212764,1117000000000,8518,167,1,1,0.11447083950042725,10.0,0,0,150€,2%,6
santander,2022-05-01,37041.514189187285,212764,1117000000000,8518,167,1,1,0.11447083950042725,10.0,1,0,150€,2%,6
santander,2022-06-01,35471.86559895081,212764,1117000000000,8518,167,1,1,0.11178247630596161,10.0,0,0,150€,2%,0
santander,2022-06-01,35471.86559895081,212764,1117000000000,8518,167,1,1,0.11178247630596161,10.0,1,0,150€,2%,0
santander,2022-07-01,35951.67483036381,212764,1117000000000,8518,167,1,1,0.11861743777990341,10.0,0,0,150€,2%,1
santander,2022-07-01,35951.67483036381,212764,1117000000000,8518,167,1,1,0.11861743777990341,10.0,1,0,150€,2%,1
santander,2022-08-01,40746.600434049076,212764,1117000000000,8518,167,1,1,0.13240741193294525,6.0,0,0,150€,2%,0
santander,2022-08-01,40746.600434049076,212764,1117000000000,8518,167,1,1,0.13240741193294525,6.0,1,0,150€,2%,0
santander,2022-09-01,41933.05791457712,212764,1117000000000,8518,167,1,1,0.12482065707445145,4.0,0,0,150€,2%,2
santander,2022-09-01,41933.05791457712,212764,1117000000000,8518,167,1,1,0.12482065707445145,6.0,1,0,150€,2%,2
santander,2022-10-01,64291.32232392245,212764,1117000000000,8518,167,1,1,0.12553372979164124,6.0,0,0,150€,2%,2
santander,2022-10-01,64291.32232392245,212764,1117000000000,8518,167,1,1,0.12553372979164124,6.0,1,0,150€,2%,2
santander,2022-11-01,53373.40089487209,212764,1117000000000,8518,167,1,1,0.13099487125873566,1.0,0,0,150€,2%,0
santander,2022-11-01,53373.40089487209,212764,1117000000000,8518,167,1,1,0.13099487125873566,1.0,1,0,150€,2%,0
santander,2022-12-01,30042.073993923863,212764,1117000000000,8518,167,1,1,0.14211618900299072,1.0,0,0,150€,2%,0
santander,2022-12-01,30042.073993923863,212764,1117000000000,8518,167,1,1,0.14211618900299072,1.0,1,0,150€,2%,0
santander,2023-01-01,55681.19440177619,212764,1117000000000,8518,167,1,1,0.12159863859415054,2.0,0,0,150€,2%,1
santander,2023-01-01,55681.19440177619,212764,1117000000000,8518,167,1,1,0.12159863859415054,2.0,1,0,150€,2%,1
santander,2023-02-01,60995.204257847,212764,1117000000000,8518,167,1,1,0.12372013926506042,1.0,0,0,150€,2%,1
santander,2023-02-01,60995.204257847,212764,1117000000000,8518,167,1,1,0.12372013926506042,1.0,1,0,150€,2%,1
santander,2023-03-01,54901.09401612448,212764,1117000000000,8518,167,1,1,0.1638290286064148,1.0,0,0,150€,2%,1
santander,2023-03-01,54901.09401612448,212764,1117000000000,8518,167,1,1,0.1638290286064148,1.0,1,0,150€,2%,1
santander,2023-04-01,48906.0560246578,212764,1117000000000,8518,167,1,1,0.12216828763484955,1.0,0,0,150€,2%,0
santander,2023-04-01,48906.0560246578,212764,1117000000000,8518,167,1,1,0.12216828763484955,1.0,1,0,150€,2%,0
santander,2023-05-01,41976.804616542446,212764,1117000000000,8518,167,1,1,0.10842541605234146,1.0,0,0,150€,2%,3
santander,2023-05-01,41976.804616542446,212764,1117000000000,8518,167,1,1,0.10842541605234146,1.0,1,0,150€,2%,3
santander,2023-06-01,30059.299366989188,212764,1117000000000,8518,167,1,1,0.12662337720394135,1.0,0,0,150€,2%,0
santander,2023-06-01,30059.299366989188,212764,1117000000000,8518,167,1,1,0.12662337720394135,1.0,1,0,150€,2%,0
santander,2023-07-01,45095.50277125332,212764,1117000000000,8518,167,1,1,0.12918215990066528,7.0,0,0,150€,2%,0
santander,2023-07-01,45095.50277125332,212764,1117000000000,8518,167,1,1,0.12918215990066528,5.0,1,0,150€,2%,0
santander,2023-08-01,34290.16042543628,212764,1117000000000,8518,167,1,1,0.11891385912895203,5.0,0,0,150€,2%,0
santander,2023-08-01,34290.16042543628,212764,1117000000000,8518,167,1,1,0.11891385912895203,2.0,1,0,150€,2%,0
santander,2023-09-01,40388.73782070144,212764,1117000000000,8518,167,1,1,0.12549643218517303,2.0,0,0,400€,2%,0
santander,2023-09-01,40388.73782070144,212764,1117000000000,8518,167,1,1,0.12549643218517303,2.0,1,0,400€,2%,0
santander,2023-10-01,36636.70663343732,212764,1117000000000,8518,167,1,1,0.12634672224521637,2.0,0,0,400€,2%,1
santander,2023-10-01,36636.70663343732,212764,1117000000000,8518,167,1,1,0.12634672224521637,2.0,1,0,400€,2%,1
santander,2023-11-01,35387.63013874749,212764,1117000000000,8518,167,1,1,0.12121212482452393,1.0,0,0,400€,2%,2
santander,2023-11-01,35387.63013874749,212764,1117000000000,8518,167,1,1,0.12121212482452393,2.0,1,0,400€,2%,2
santander,2023-12-01,29101.697517262797,212764,1117000000000,8518,167,1,1,0.15919628739356995,1.6129032258064515,0,0,400€,2%,1
santander,2023-12-01,29101.697517262797,212764,1117000000000,8518,167,1,1,0.15919628739356995,2.0,1,0,400€,2%,1
